CustomerID,Revenue
18102,608821.65
14646,528602.52
14156,313759.82
14911,295832.39
17450,246813.09
13694,196482.81
17511,175603.55
16446,168472.5
16684,147142.77
12415,144458.37
15061,137818.52
16029,122035.14
17949,118628.08
13089,116647.53
15311,116575.49
12931,92347.34
14298,91194.49
15769,88704.32
12346,77556.46
13798,75836.87
15838,74163.0
17841,70081.86
16754,67502.47
14096,65164.79
14088,64036.8
16422,63589.07
13081,59205.15
14680,57369.38
17389,57215.33
16013,57140.44
17850,56600.08
13777,56478.42
12748,55511.09
13093,54943.65
13408,51733.462
17404,47781.12
13881,45179.1
15749,44534.3
16705,43515.051
14031,40919.58
17381,40002.37
12471,39918.19
15098,39916.5
15039,39726.89
16210,38489.51
17675,38259.6
17677,36675.06
12921,35921.04
13767,35540.53
12678,34281.18
13902,34095.26
15856,33847.27
16779,33165.94
14258,32051.34
17428,31819.760000000002
12681,30868.28
12709,30814.46
14606,30558.25
17940,30306.79
13078,29532.45
13098,28882.44
17857,28682.24
14527,27764.21
15513,27750.55
16333,26626.8
17865,26312.190000000002
18251,26278.86
13802,26259.11
15498,25949.58
12731,25775.71
14062,25585.65
12744,25317.06
12939,25264.8
14895,25119.54
12621,24775.81
16525,24562.74
17920,24256.74
13001,24042.65
12682,24025.51
15640,23828.03
14607,23763.13
12482,23691.4
12409,23419.29
16133,22992.260000000002
14063,22710.2
14051,22394.4
16839,22310.49
17340,22289.22
12540,22254.49
15159,22116.73
13340,22100.56
13319,22082.5
14667,21593.05
12753,21429.39
15615,21373.97
14866,20850.22
17706,20749.98
12433,20581.26
17243,20460.48
15251,20324.54
12477,20276.37
18008,19759.08
16843,19571.43
17139,19566.76
17581,18737.95
12557,18716.14
14194,18670.59
13113,18603.04
12357,18287.66
17377,18232.57
15808,18133.3
16746,18046.75
12647,17924.35
12472,17880.59
15078,17761.88
12901,17654.54
14952,17629.35
16652,17550.39
15189,17524.38
18172,17467.24
16019,17329.16
17416,17298.45
15523,17259.19
17735,17244.93
13027,17239.2
14277,17197.61
15358,17050.41
13564,17035.02
15125,17024.87
16656,16833.170000000002
12454,16679.78
16553,16584.01
13199,16432.89
14961,16410.15
13225,16260.07
16180,16249.87
12980,16245.78
18092,16179.44
14733,16165.17
17107,16052.72
15044,16024.15
12971,15972.79
17716,15956.97
14849,15763.45
16191,15677.82
13488,15587.88
12949,15526.7
14769,15514.11
15768,15308.89
15601,14960.12
18087,14761.519999999999
16126,14644.6
17133,14622.33
16873,14617.39
14543,14587.87
16713,14529.99
17448,14523.67
14299,14499.49
12583,14447.44
15482,14417.36
15093,14326.11
17017,14110.609999999999
13090,14100.14
12714,14093.71
12476,14083.91
13178,14059.19
18223,14000.85
15005,13977.08
15502,13933.27
12435,13925.93
15760,13916.34
16558,13873.51
15291,13846.56
17589,13837.94
15032,13780.65
15382,13733.550000000001
12567,13709.86
12989,13551.75
13468,13375.51
15738,13372.970000000001
13629,13370.86
13097,13324.1
13969,13291.05
16923,13157.130000000001
18225,13044.8
14049,13023.4
14110,12987.95
13668,12948.48
13316,12940.82
13952,12823.521
16549,12781.8
17858,12754.9
16161,12744.26
12683,12696.78
12437,12683.4
12451,12669.88
15465,12636.15
13013,12625.77
12536,12601.830000000002
14040,12523.81
15194,12427.69
14936,12410.81
16000,12393.7
12474,12372.75
12481,12344.89
13050,12314.53
14739,12287.5
13854,12253.96
14735,12240.16
16814,12198.14
13418,12182.9
15144,12160.31
15555,12062.69
15023,12008.05
14415,11980.09
17364,11972.92
17044,11962.3
13458,11959.27
16258,11942.52
16523,11916.33
17338,11889.33
13687,11880.84
14505,11879.08
18226,11878.88
12705,11762.1
14426,11727.94
13102,11696.92
13004,11650.85
13576,11551.74
15218,11468.83
13680,11419.67
14016,11403.41
12668,11383.03
17809,11337.390000000001
14045,11313.029999999999
15874,11284.76
12539,11214.75
18055,11143.12
12524,11126.11
14134,11123.35
13941,11122.3
12918,10953.5
16985,10923.16
18052,10877.18
14796,10840.54
15694,10810.81
18229,10803.710000000001
12431,10790.47
16033,10764.45
16327,10695.24
16168,10636.47
13324,10513.47
15290,10496.28
14028,10396.5
16984,10350.53
15296,10323.03
14422,10271.52
17160,10209.16
15719,10195.97
13599,10163.880000000001
15805,10148.93
12839,10071.73
12766,10068.28
15547,10057.05
14085,10028.72
13985,10020.86
16782,10000.32
16353,9999.460000000001
14755,9972.550000000001
16182,9971.65
14101,9961.93
16131,9957.42
18260,9947.26
17049,9942.53
16701,9916.73
12758,9903.24
14329,9887.62
13327,9879.48
12590,9864.26
14828,9839.460000000001
18109,9833.16
12490,9823.64
14944,9784.67
17306,9782.35
13018,9763.16
13735,9762.77
13267,9758.26
12380,9676.3
14135,9643.92
13069,9616.95
17315,9599.58
14091,9530.08
17811,9519.8
14060,9519.08
13999,9502.26
17504,9490.17
15298,9459.37
14146,9450.3
14439,9443.04
13758,9416.98
17230,9388.49
15727,9371.71
16550,9368.24
17757,9366.5
13174,9364.42
15981,9362.77
13162,9275.49
15249,9266.0
12747,9257.039999999999
15570,9254.14
14367,9227.82
14292,9226.25
13448,9189.89
13756,9188.75
15260,9188.23
16700,9167.710000000001
17068,9153.83
15939,9060.39
16709,9056.01
15867,9034.95
12755,9030.66
16186,9026.11
16722,8989.08
15150,8977.94
15903,8939.84
13555,8891.84
13269,8888.75
14709,8886.33
12359,8873.39
17576,8831.6
17396,8807.1
13047,8795.16
16532,8756.64
12957,8706.97
13263,8676.2
15955,8658.36
15497,8657.39
18041,8633.66
16945,8548.16
15281,8543.57
15270,8524.86
15984,8515.72
12798,8510.93
13209,8509.51
15786,8501.62
13148,8497.82
14286,8479.76
18139,8438.34
13715,8425.69
14160,8421.47
14676,8356.79
14057,8346.66
17611,8337.53
13206,8308.19
12643,8304.82
17686,8296.81
12637,8283.81
15998,8274.14
12720,8260.67
15034,8231.2
13381,8224.37
13139,8202.98
14030,8198.3
17365,8184.49
13426,8167.38
15544,8162.43
14056,8152.71
16672,8134.9400000000005
14395,8110.610000000001
17593,8092.32
17426,8077.77
16767,8056.76
16670,8030.150000000001
14525,8026.54
16556,8012.58
13869,7996.87
15299,7991.54
12428,7956.46
16303,7928.27
14291,7904.1
13871,7885.85
14159,7860.8
15622,7852.61
17085,7847.67
12757,7834.650000000001
12867,7829.26
14282,7821.76
16592,7807.91
17409,7793.51
17091,7789.2
17730,7773.8
15581,7752.74
14800,7747.17
17739,7730.59
13534,7720.9
17238,7701.76
17696,7679.59
14175,7678.88
13141,7656.08
14688,7635.4
15046,7623.79
14145,7600.05
13373,7587.1900000000005
13137,7586.94
15301,7583.04
13709,7571.35
15179,7491.92
12429,7485.91
13815,7475.74
12841,7464.19
16570,7434.31
14243,7431.05
17690,7412.0
16242,7404.65
17602,7354.43
13082,7335.75
16253,7272.2
14092,7229.45
16729,7205.33
12712,7193.66
16745,7180.7
14841,7163.0
17965,7157.2
15950,7120.91
15521,7098.24
14113,7092.610000000001
13451,7090.06
13983,7083.25
17231,7064.8
17769,7053.38
13183,7036.18
17975,7010.43
16938,6995.360000000001
13831,6993.54
12662,6988.02
16717,6970.93
13552,6948.92
15674,6948.2300000000005
16265,6935.17
16187,6911.4400000000005
13520,6909.4
12749,6897.36
16170,6869.0
15129,6860.18
18231,6854.17
16401,6849.15
12613,6817.37
12830,6814.64
16145,6805.4400000000005
15413,6798.72
12417,6797.41
14401,6795.9
15750,6793.511
16456,6788.34
13993,6775.71
12779,6722.2699999999995
15321,6709.7300000000005
14844,6702.43
14388,6701.0
12913,6700.86
13734,6695.6900000000005
16497,6695.28
18118,6693.13
13384,6680.83
17700,6679.97
14702,6679.2300000000005
14461,6676.91
17001,6640.8
13953,6640.68
14440,6638.7300000000005
14562,6638.150000000001
13394,6621.7
12626,6620.48
17819,6612.5199999999995
12843,6583.36
13015,6579.78
13883,6560.02
12836,6559.7300000000005
14766,6556.13
15332,6553.74
15980,6543.68
14855,6520.3
14221,6517.49
17838,6507.5
12823,6501.5
17419,6500.52
18061,6488.97
13317,6486.091
17873,6470.280000000001
14154,6460.7
16940,6427.66
16655,6423.26
12656,6407.83
15514,6392.06
18094,6391.52
12406,6390.360000000001
14390,6373.7300000000005
12356,6371.7300000000005
14227,6368.71
12484,6354.1
13590,6336.04
18245,6324.9800000000005
14180,6319.25
13654,6308.0
16710,6291.77
15480,6279.0
13136,6274.56
13615,6272.53
14004,6258.45
15369,6251.26
12497,6248.5
17799,6246.93
16735,6217.41
13230,6213.46
15673,6204.32
13334,6201.8
16103,6191.71
16156,6188.18
14534,6187.66
14907,6165.79
17669,6142.35
13266,6135.04
14852,6132.43
13935,6116.92
14560,6114.03
18178,6103.74
14530,6088.87
17509,6083.64
16954,6081.88
12664,6070.04
17644,6028.6
13658,6025.5
15372,6017.06
15202,6001.49
12835,5996.83
15755,5993.12
14105,5988.83
17457,5984.8099999999995
17491,5981.07
17625,5978.9
14535,5973.2300000000005
15785,5969.93
14918,5955.81
12500,5955.21
14257,5954.45
17685,5907.47
15971,5902.83
12455,5879.95
18065,5866.63
14210,5861.52
17146,5852.64
16011,5838.96
14112,5834.59
14189,5814.39
13769,5800.42
12910,5796.52
17069,5794.28
18075,5783.29
17672,5778.63
14099,5750.91
15485,5750.51
17863,5745.2
16316,5744.91
12615,5740.98
13771,5728.82
13870,5712.08
16607,5706.87
17651,5703.52
16279,5698.28
16458,5690.89
13157,5687.36
12727,5679.53
12633,5678.16
13901,5676.34
16409,5652.74
15628,5652.26
13722,5635.41
12347,5633.32
13842,5629.91
16320,5628.99
16003,5613.83
18145,5609.74
16200,5608.1
16546,5606.47
17059,5586.93
15228,5580.2699999999995
15854,5578.28
17203,5564.09
15527,5554.89
14572,5526.88
14732,5517.07
15898,5513.09
17092,5511.41
17204,5504.6900000000005
13115,5494.7
16609,5493.46
13593,5493.29
16393,5482.57
16992,5476.5
17512,5467.820000000001
12480,5464.85
18198,5425.56
12378,5416.32
14713,5414.71
14626,5410.92
14249,5400.461
17719,5396.04
17612,5394.86
13362,5394.07
13014,5381.08
14459,5375.741
13495,5374.26
14442,5367.0199999999995
12362,5356.23
17567,5356.03
15641,5345.55
16008,5339.13
12708,5314.1
17584,5309.42
14081,5291.09
15394,5286.8
15152,5263.83
13931,5257.38
13975,5256.4
13107,5253.07
14930,5236.7300000000005
15722,5234.0
17061,5232.2300000000005
12422,5231.8
15606,5230.99
13763,5217.4400000000005
15812,5201.47
14546,5184.84
16931,5184.27
17213,5182.3
12510,5178.02
17663,5175.83
15796,5171.63
12625,5164.88
17157,5151.9
16153,5133.49
17346,5132.72
16308,5120.0
15443,5114.23
13329,5112.97
17519,5109.47
16919,5108.01
13523,5101.52
12483,5097.18
17402,5095.53
12594,5090.11
17861,5088.29
14493,5087.86
15367,5081.33
15529,5079.32
14307,5071.03
12395,5067.27
12432,5059.32
18144,5058.0
17469,5051.25
17802,5046.42
12600,5043.92
13634,5033.77
12759,5020.74
16904,5014.06
12444,5005.46
17084,5001.21
14209,4993.27
14639,4978.96
13198,4974.2300000000005
12562,4966.92
17758,4964.03
16905,4961.17
12700,4939.99
14970,4919.35
14825,4919.18
16143,4910.83
17314,4904.43
16255,4904.25
17406,4889.05
16986,4888.75
13021,4887.24
13659,4884.68
17596,4882.43
16686,4881.07
15379,4877.84
14107,4877.3
12688,4873.8099999999995
17449,4868.15
17652,4867.72
14032,4850.2699999999995
13044,4848.05
13562,4838.18
12449,4835.89
17191,4820.45
14191,4817.66
13875,4814.37
15187,4777.18
15002,4769.7300000000005
13988,4757.8
12955,4757.16
17829,4756.74
17082,4732.03
16326,4721.25
14235,4717.99
13958,4709.2300000000005
12589,4695.66
15410,4685.72
16858,4668.28
13971,4667.57
16293,4657.95
15123,4656.17
15484,4652.1
17050,4648.59
14466,4646.9
12578,4642.45
13124,4641.66
15271,4640.29
18097,4627.92
17400,4623.28
17442,4620.3
12782,4618.24
14441,4611.6900000000005
15245,4610.84
12553,4608.75
13851,4606.46
18257,4600.15
17188,4592.93
16125,4581.7
17508,4579.23
15416,4572.82
13491,4566.56
13510,4558.29
15365,4557.13
17613,4544.55
13527,4541.29
13571,4537.26
14685,4536.64
12598,4534.09
14001,4530.09
14290,4516.56
17308,4511.76
15680,4507.58
15764,4503.08
14625,4497.88
15122,4487.27
14701,4487.11
18064,4481.83
12916,4479.73
12627,4478.53
14648,4466.65
18069,4464.92
16912,4460.51
15240,4459.98
17220,4457.31
17682,4456.78
18093,4452.71
14341,4452.02
17754,4451.22
13435,4447.33
16098,4441.3
16218,4439.97
16081,4436.56
17722,4430.36
12349,4428.69
15845,4426.28
17412,4417.52
17138,4417.27
16626,4413.1
16563,4412.56
14211,4402.29
15203,4400.18
16150,4395.59
13505,4393.63
13880,4391.66
16732,4387.64
18272,4385.9800000000005
13982,4382.89
14514,4380.04
16455,4376.87
16118,4376.25
15861,4369.2
13297,4368.62
12752,4366.78
12917,4359.2
12523,4352.35
16283,4350.32
17372,4347.31
12408,4340.7699999999995
15633,4335.96
16477,4320.02
14334,4318.48
18259,4318.2
12370,4316.56
12967,4306.92
14482,4306.72
12928,4304.89
14854,4303.06
17937,4301.22
18230,4291.06
18077,4283.66
17930,4275.22
16241,4270.51
14239,4263.17
14047,4255.03
12360,4252.89
16571,4248.74
12935,4243.86
17728,4238.76
13911,4234.99
16875,4234.53
16712,4232.87
16743,4212.15
15804,4206.39
15708,4204.4400000000005
18079,4203.93
15518,4189.99
15752,4184.56
14868,4184.01
17738,4183.56
18287,4182.99
16072,4180.09
17218,4178.93
17673,4173.88
17526,4166.04
18194,4162.04
14740,4161.06
12653,4160.83
13461,4160.0
16749,4157.88
17646,4149.79
16209,4146.78
12569,4124.69
15493,4121.68
13450,4120.04
14408,4102.27
14566,4092.0
15050,4087.19
12876,4081.79
14878,4076.5
14913,4073.13
12371,4067.38
13421,4058.75
14025,4057.9
15024,4050.61
17083,4049.79
17287,4049.56
13048,4049.13
17211,4046.65
12840,4041.97
14824,4022.9100000000003
12726,4014.6
15782,4014.1
16928,4013.7799999999997
12721,4013.08
13895,4008.52
16841,4006.06
17618,4001.64
17307,3999.8900000000003
13126,3998.25
15665,3987.07
14547,3974.75
15572,3965.2
17019,3961.11
14817,3959.86
13542,3959.4900000000002
16791,3957.63
17667,3950.7
16771,3949.6
16719,3944.35
15858,3936.34
15819,3934.79
17954,3933.06
12473,3928.0499999999997
15051,3926.91
14465,3925.85
15983,3924.02
13037,3914.9500000000003
12853,3907.5
13995,3902.01
12388,3901.11
14498,3900.83
15823,3897.17
15571,3892.35
12358,3887.07
14744,3885.08
13446,3881.89
15696,3881.2200000000003
15288,3881.03
14655,3878.51
15067,3862.88
15195,3861.0
18073,3859.82
14565,3859.2200000000003
16440,3856.97
16057,3854.85
13213,3851.52
16341,3850.79
14532,3845.78
17659,3834.79
13481,3830.84
12597,3811.22
13357,3805.5099999999998
15421,3805.34
16636,3802.04
16128,3801.05
15827,3794.07
17071,3793.71
12619,3781.38
14309,3780.81
15811,3776.0
15079,3767.35
16466,3767.09
17173,3766.6
15834,3764.39
12670,3760.29
12530,3759.26
17553,3757.6
14409,3756.09
13305,3752.61
17293,3750.63
12623,3747.84
15370,3739.0099999999998
15532,3738.85
15704,3734.6600000000003
16539,3732.01
14515,3724.06
12502,3723.87
16240,3718.8
14364,3717.35
16950,3713.77
12737,3710.5
14540,3709.64
14776,3708.3
15255,3706.02
15351,3704.89
15494,3702.6
18168,3698.8
16772,3698.0499999999997
17096,3697.93
16094,3695.56
12857,3688.0
12468,3670.74
14593,3665.5299999999997
12872,3662.4900000000002
16983,3654.02
17655,3652.48
14857,3651.851
14649,3651.19
14640,3649.36
15953,3648.08
13632,3645.81
17063,3638.53
14770,3637.64
16748,3637.33
16053,3634.84
17528,3628.5
16444,3625.88
16503,3614.34
16718,3612.13
15505,3610.96
15791,3608.34
18242,3605.21
13750,3602.1800000000003
12963,3601.59
16325,3597.5
17422,3594.76
14653,3593.06
14132,3586.0299999999997
15569,3583.45
17679,3577.61
17311,3566.56
18219,3562.89
17848,3559.11
14737,3554.17
15222,3550.91
14882,3546.65
14503,3543.26
12645,3539.3
17924,3536.7000000000003
16395,3518.41
16336,3517.69
15113,3509.43
18044,3505.61
14934,3503.5
13929,3494.1
15059,3491.2
13577,3489.28
15306,3484.73
17597,3484.09
12631,3481.57
15380,3479.0600000000004
15712,3472.4100000000003
13849,3469.3
14533,3466.37
14898,3464.45
14837,3460.32
16360,3450.41
13313,3445.32
13536,3444.39
16347,3442.96
15974,3442.15
16208,3440.45
17725,3439.08
12609,3435.86
15676,3435.76
16045,3434.9300000000003
17913,3429.29
12377,3426.32
17876,3424.02
16281,3424.02
15373,3418.84
14217,3416.89
14215,3416.33
14673,3410.81
13437,3408.06
13823,3403.4500000000003
17931,3402.24
15114,3400.12
16271,3397.82
13425,3390.4300000000003
15058,3387.58
15356,3382.69
13979,3379.93
17723,3378.4000000000005
15916,3377.69
13135,3371.45
12838,3366.7
13707,3365.86
13285,3364.59
15538,3358.3999999999996
13786,3358.39
14608,3352.94
13246,3351.75
16818,3349.57
17183,3347.31
15265,3345.64
12424,3340.03
13848,3335.0
14344,3333.7000000000003
16351,3330.0299999999997
15065,3326.86
12865,3323.4700000000003
13431,3316.24
13824,3314.76
13131,3313.77
16365,3307.2
13611,3297.9300000000003
13031,3292.84
17768,3292.73
13650,3288.0
15632,3285.31
14285,3284.42
18188,3280.59
14161,3280.08
15978,3279.42
17774,3273.83
13291,3270.79
16067,3269.11
14293,3267.9300000000003
13214,3264.23
14064,3260.24
14451,3258.68
15057,3255.96
12770,3246.45
16612,3245.4300000000003
15140,3243.69
17353,3242.0
15625,3236.4
15602,3230.51
16101,3229.16
14506,3217.25
14669,3216.78
14507,3216.7400000000002
12951,3213.7200000000003
16918,3206.54
16107,3204.1600000000003
17147,3199.95
14315,3197.82
15027,3195.6
13868,3192.54
13397,3191.87
12456,3181.04
16515,3179.06
17228,3175.98
17621,3175.12
13268,3174.75
16059,3171.82
16837,3170.98
17640,3168.94
16041,3166.4
13804,3161.12
12976,3156.38
16584,3156.17
14748,3152.32
14306,3151.4
15614,3147.36
17702,3144.04
15095,3141.64
14897,3140.54
17354,3133.96
15596,3130.04
14963,3123.57
15199,3122.4
17145,3120.91
13685,3119.44
13052,3119.33
13692,3114.4
14978,3112.19
16678,3109.99
13742,3107.87
15353,3106.12
12909,3103.19
13538,3103.13
15031,3102.94
15491,3100.09
13772,3100.02
16933,3099.3
13464,3097.64
12937,3097.61
15105,3094.91
17530,3092.33
14312,3090.29
17552,3085.29
12511,3084.02
17929,3082.1
17090,3080.1800000000003
17870,3079.69
14044,3077.7
14700,3076.06
12469,3070.54
13631,3070.42
14038,3069.88
13196,3068.84
16400,3059.85
13077,3054.37
16007,3053.06
16775,3052.7400000000002
15241,3050.16
16560,3048.38
14916,3042.95
12849,3042.47
13647,3041.6800000000003
15754,3037.61
13557,3032.26
17884,3020.99
13485,3019.2200000000003
14456,3017.28
15716,3014.66
13963,3011.87
12754,3010.74
14621,3000.57
13635,2999.16
15810,2999.04
15182,2998.952
15611,2997.28
12457,2995.91
17961,2994.29
14590,2993.37
15687,2993.1
15681,2989.7
12374,2989.2200000000003
18241,2986.9900000000002
14226,2985.13
17032,2984.32
16012,2978.59
17692,2975.8
12854,2970.9700000000003
16120,2967.51
15967,2966.0
15329,2958.83
16416,2957.88
13012,2957.83
13110,2957.4700000000003
16736,2956.56
12826,2955.75
14867,2952.06
13253,2951.11
12877,2942.14
15757,2940.36
17444,2940.04
17588,2939.55
14544,2938.53
15235,2937.81
12635,2930.41
15312,2930.19
15965,2928.13
13890,2927.38
12906,2919.81
16358,2919.65
13764,2919.62
15392,2911.62
13784,2910.23
14524,2909.86
12438,2906.85
13455,2905.93
14233,2904.27
16383,2896.69
17320,2895.77
15100,2894.7
17242,2889.28
13501,2885.11
16633,2883.1
14251,2879.7000000000003
12806,2878.96
18170,2878.0
14005,2874.72
15043,2870.3199999999997
16467,2869.16
16711,2868.48
16229,2867.86
15862,2866.52
16086,2864.9900000000002
14758,2864.97
16755,2864.68
16062,2863.45
12685,2863.08
14875,2862.4
16979,2859.74
15563,2859.46
16225,2859.31
13728,2855.17
14404,2853.36
12352,2849.84
14935,2849.83
16163,2849.58
12676,2843.09
16554,2841.72
14711,2839.62
14842,2824.69
15797,2821.08
13477,2819.17
13032,2815.96
15660,2812.99
17386,2812.77
16871,2812.34
16817,2804.9
17470,2804.87
13799,2803.57
13205,2803.2
16742,2799.87
13330,2796.1
14903,2795.33
14035,2794.75
12863,2792.5499999999997
16764,2790.9500000000003
17284,2788.06
15073,2788.02
13719,2783.08
14121,2780.15
17790,2779.41
14869,2778.14
15993,2777.67
16104,2774.46
17031,2773.85
13695,2770.73
17720,2768.91
18210,2768.83
14696,2767.9
15817,2766.4
13813,2765.47
16407,2761.65
17115,2761.4900000000002
17368,2758.29
17262,2757.62
16335,2753.52
13736,2752.47
17490,2750.5
14665,2749.65
17676,2749.34
12982,2744.81
12669,2744.0299999999997
15841,2742.41
17241,2736.64
15389,2733.8
15111,2730.87
12986,2729.84
12739,2726.73
12391,2724.84
17591,2723.62
16190,2723.55
14125,2720.63
14808,2718.6
15985,2715.28
16232,2712.97
15021,2698.68
16359,2697.75
18173,2696.36
12725,2694.56
12820,2689.52
17388,2675.37
16434,2673.69
14496,2668.23
18283,2664.9
15910,2661.17
13473,2657.7599999999998
15671,2657.13
16369,2656.56
15157,2654.11
14756,2653.76
17744,2649.14
12516,2648.62
13203,2648.25
16618,2647.59
13117,2643.81
13819,2642.35
15814,2634.44
12520,2634.26
14410,2631.9
16276,2629.3900000000003
13422,2626.3
13644,2624.26
12671,2622.481
12423,2622.39
15142,2619.92
13211,2618.77
14262,2618.23
14195,2615.6
14431,2614.2
14397,2612.96
14564,2605.62
17317,2600.34
15826,2598.28
13700,2596.9700000000003
12412,2596.93
14163,2594.62
14229,2594.04
17043,2593.65
14129,2591.34
14147,2590.2
16206,2589.87
15062,2585.62
12592,2582.66
16244,2579.38
16499,2578.34
17095,2572.25
17002,2571.55
13652,2570.85
15434,2567.06
13173,2565.76
14573,2565.12
13192,2558.58
15033,2557.18
16036,2556.84
13862,2556.09
17787,2553.82
16115,2553.8
14745,2551.41
18179,2547.55
17465,2542.79
14548,2541.29
15426,2538.92
17463,2535.26
13623,2533.06
14810,2531.92
15906,2530.19
14659,2529.93
16889,2526.65
14790,2526.62
16987,2521.4
13344,2511.69
17897,2510.56
17101,2507.05
17550,2506.64
12978,2502.82
16202,2501.9900000000002
13471,2501.84
15747,2499.81
17594,2497.88
15932,2495.87
13414,2494.14
14541,2491.38
15227,2488.4900000000002
15117,2485.9700000000003
12517,2481.6
13507,2479.16
13588,2478.95
16795,2477.29
13134,2475.23
16520,2474.14
13762,2472.48
17732,2470.39
12924,2469.4
14421,2469.37
17288,2468.43
17164,2467.35
15221,2465.4500000000003
13151,2465.21
15860,2463.96
17131,2463.17
14256,2460.79
17629,2455.52
16016,2446.42
12701,2446.41
13338,2445.62
17348,2442.29
14449,2441.2
18171,2437.31
15623,2437.05
17505,2435.48
13085,2433.28
13094,2433.1200000000003
16638,2430.53
14502,2429.83
15077,2428.08
13949,2427.32
12733,2424.87
15658,2423.4700000000003
15215,2422.43
15089,2420.84
15489,2419.61
13878,2416.9
16040,2416.9
16470,2416.85
12802,2416.42
13118,2415.41
14205,2414.2
17894,2411.35
12397,2409.9
16833,2409.04
17671,2403.34
15341,2402.7200000000003
15793,2399.57
12393,2399.45
14414,2399.33
16147,2398.91
17921,2394.36
16812,2392.0
15366,2389.08
14443,2386.4700000000003
16105,2386.19
17905,2379.37
17827,2376.17
16883,2374.09
17434,2373.82
13908,2369.55
17623,2365.77
16005,2365.4900000000002
14295,2362.91
16676,2361.9
16065,2359.27
17634,2358.59
15015,2354.97
17969,2354.29
16083,2351.42
16085,2341.03
12704,2340.84
12584,2338.15
15549,2334.16
13614,2332.74
16496,2330.77
17313,2328.84
17004,2324.36
14938,2322.43
13091,2321.82
13055,2321.11
16628,2318.1
12724,2317.52
12948,2317.43
14346,2315.75
17193,2310.04
17282,2308.54
13704,2308.06
17113,2305.59
15946,2304.18
14555,2304.03
18095,2303.09
16077,2300.4
16531,2298.33
17324,2298.12
13371,2297.66
12599,2296.72
12649,2294.65
13280,2293.33
13059,2291.77
17047,2289.23
17018,2287.7
16485,2287.19
14481,2284.69
12684,2283.63
18051,2282.28
14901,2281.4
13655,2280.51
14554,2279.4900000000002
13994,2274.14
17994,2270.03
13748,2268.35
15638,2265.2
15734,2263.3
13814,2257.32
16350,2253.89
17414,2249.52
14432,2248.5
14644,2247.72
16177,2247.31
12868,2247.06
16174,2246.75
13627,2245.9
16042,2245.32
13407,2244.7
16823,2243.09
14462,2242.81
15865,2241.42
15629,2240.9
16551,2237.12
17180,2236.77
17075,2236.63
16108,2235.92
16076,2234.73
13662,2233.61
18215,2232.4900000000002
17460,2228.27
12783,2225.91
13365,2225.37
14321,2218.06
17648,2216.37
18177,2216.32
13478,2215.78
14708,2212.28
13320,2211.6
15550,2211.05
15476,2209.98
14177,2209.69
14834,2206.16
14467,2203.2400000000002
13410,2201.96
14006,2196.67
16317,2192.51
15934,2190.66
14212,2190.14
16221,2186.66
14597,2184.63
15864,2180.76
12856,2170.78
15649,2170.35
12501,2169.39
14595,2164.45
15944,2164.24
17822,2162.93
14407,2157.73
16379,2157.4
13643,2156.77
13224,2155.95
16966,2154.97
16600,2153.41
16275,2151.11
18239,2150.36
14216,2150.04
16716,2149.6800000000003
17272,2148.63
16004,2146.39
13152,2146.38
16134,2145.34
18009,2144.23
12576,2142.72
13092,2140.28
12687,2138.91
17029,2137.3
17305,2135.46
18116,2134.4900000000002
12560,2134.01
16493,2132.09
13517,2128.42
14634,2124.46
16807,2123.88
16996,2123.61
14472,2118.72
14360,2118.03
14691,2114.33
16201,2112.12
16054,2111.88
12997,2110.91
14399,2108.21
13755,2108.06
13610,2103.71
15252,2103.41
14276,2102.68
14499,2101.79
15815,2100.6
12975,2100.09
17159,2099.59
12610,2099.54
17742,2098.48
13753,2094.5699999999997
13591,2093.94
14469,2093.46
13265,2092.66
15456,2091.52
15151,2085.61
17705,2083.9
14896,2083.2200000000003
16934,2083.14
14396,2079.73
18026,2074.07
17048,2071.68
17585,2064.71
16726,2063.88
12586,2062.67
13476,2061.4700000000003
18258,2059.67
17633,2057.39
12518,2056.89
15253,2055.09
14188,2054.36
16235,2053.71
16794,2052.7
16176,2052.69
14723,2050.25
17086,2050.08
13874,2049.15
13984,2048.6
16027,2048.36
14232,2048.07
17666,2047.8
13663,2047.51
14000,2046.3400000000001
15473,2046.0
17289,2041.8
12585,2040.1
14988,2038.65
16214,2038.25
16331,2037.7
13705,2035.33
17846,2033.1
13630,2031.78
14225,2031.07
15272,2030.95
15506,2030.33
15164,2028.1100000000001
15384,2027.79
12873,2027.3
13989,2026.06
14631,2025.69
16510,2025.6
14651,2025.52
12418,2021.2
17227,2021.18
13696,2020.4
12348,2019.4
14623,2016.98
16197,2016.71
17152,2016.5
17126,2016.43
13693,2011.82
13888,2001.59
16332,2000.01
14628,1998.0
16698,1998.0
15990,1997.75
14152,1997.3400000000001
15481,1993.34
14301,1992.18
13889,1991.23
17088,1991.01
16960,1990.88
17351,1988.23
16529,1986.8
15478,1983.48
14967,1982.6100000000001
15192,1981.39
17337,1981.06
13725,1980.56
12582,1980.4
17158,1980.0
15030,1979.91
15795,1979.8700000000001
13208,1976.3
18204,1975.35
15531,1972.39
17797,1971.87
14905,1971.39
12674,1970.6
14477,1969.6
15081,1965.72
16032,1965.72
16233,1965.71
17966,1963.92
17997,1962.46
12399,1962.3
15789,1962.01
16290,1957.7
17039,1954.99
18016,1954.56
14794,1953.9
17554,1952.45
13761,1952.17
15885,1951.82
16993,1950.9499999999998
14014,1948.21
16891,1945.2
15620,1942.36
15425,1941.1200000000001
12385,1938.4
16619,1938.33
17135,1937.76
14418,1937.25
15605,1936.8
15561,1934.3899999999999
12528,1933.48
12531,1933.2
16859,1932.41
15803,1929.66
17236,1929.26
16788,1928.93
13029,1927.3
14492,1921.91
16681,1921.84
18220,1921.76
13838,1920.73
12644,1918.49
12842,1917.99
14332,1917.41
16650,1916.11
16555,1915.68
16692,1914.6999999999998
16770,1909.73
12947,1908.03
17046,1906.07
16942,1904.99
17235,1904.8799999999999
14250,1904.05
14127,1900.0800000000002
14710,1899.79
12762,1898.52
14389,1898.01
14741,1897.59
14730,1897.57
17560,1895.8
14327,1894.93
15248,1893.93
17350,1893.701
16631,1892.52
13276,1891.91
15381,1890.5700000000002
14912,1889.25
17609,1887.8999999999999
16172,1884.55
14403,1880.51
16660,1879.55
18151,1879.44
15197,1877.51
13946,1876.23
12494,1872.8700000000001
16426,1863.76
14887,1862.0
13503,1859.24
14305,1858.96
14130,1858.77
16043,1856.5900000000001
16049,1852.15
16917,1851.88
12383,1850.56
12381,1845.31
12507,1844.06
18180,1843.75
12694,1843.35
12950,1843.0
15201,1842.95
16102,1842.14
14224,1841.71
13168,1840.73
17919,1840.32
15822,1840.06
14870,1838.95
13924,1838.8500000000001
17015,1838.6100000000001
16175,1836.44
15402,1830.54
16152,1829.04
16825,1826.89
17244,1826.04
15678,1825.94
14715,1825.45
13884,1825.03
17642,1824.49
16169,1822.97
14738,1821.9
15339,1821.02
17259,1820.34
16205,1820.1100000000001
17828,1820.09
14553,1818.6
15807,1817.52
16634,1814.61
16880,1813.21
14915,1811.25
16474,1810.65
16725,1810.41
14893,1809.6100000000001
15530,1808.68
17888,1807.44
15133,1806.9
13561,1803.4
18161,1803.1
16797,1802.02
16249,1800.07
18235,1796.48
18236,1795.3500000000001
17165,1794.32
18122,1793.06
13711,1792.26
13375,1792.23
12369,1791.15
17603,1788.38
13782,1786.08
15608,1785.98
16611,1785.13
15452,1785.1100000000001
15128,1783.68
16110,1781.59
18214,1780.34
15220,1778.96
12458,1777.49
12908,1776.0
12778,1775.68
13920,1774.68
16124,1772.49
15594,1771.78
14850,1770.96
14933,1770.0
15972,1769.33
15736,1767.12
13456,1766.72
16751,1764.72
13648,1764.02
13717,1763.3
12784,1763.15
15777,1762.61
16511,1760.49
16620,1758.93
16266,1757.95
16595,1757.75
12809,1755.94
14704,1752.92
13155,1750.18
14522,1748.42
16639,1747.98
13808,1747.66
17695,1746.04
14236,1744.64
16348,1744.42
16380,1743.1499999999999
12425,1741.41
16087,1739.92
17974,1739.09
13531,1738.52
14584,1738.16
14075,1734.87
17268,1733.8899999999999
13026,1733.08
14400,1732.47
17432,1728.99
14387,1727.6
16809,1727.43
15730,1726.58
17190,1726.57
14304,1725.01
13363,1723.86
16374,1723.4
17451,1721.4
16119,1720.81
15267,1717.36
14021,1716.58
17162,1715.46
14692,1715.1399999999999
14987,1713.85
14447,1711.73
13665,1711.6599999999999
16654,1711.47
17750,1710.45
12405,1710.39
13104,1709.1
17731,1708.99
15607,1708.97
15947,1708.24
12407,1708.1200000000001
16902,1706.88
13309,1706.37
16398,1705.8
14859,1705.64
12693,1703.02
15326,1700.52
15911,1700.24
13240,1699.8600000000001
15889,1699.67
16768,1698.57
12932,1698.56
17813,1698.07
17694,1695.97
16899,1695.77
16010,1694.86
15976,1694.41
12764,1693.88
14245,1693.45
14829,1692.84
16671,1692.27
14078,1689.71
13294,1689.53
17341,1688.82
13566,1688.6
12813,1687.8
12775,1686.12
13516,1685.26
15732,1682.07
14643,1679.89
15551,1679.81
13800,1679.56
12870,1676.95
14831,1676.57
13149,1676.06
17656,1674.69
13587,1673.5
13308,1670.3700000000001
13417,1669.49
13184,1668.95
17534,1668.83
13434,1666.8600000000001
13064,1666.8400000000001
17321,1665.21
16329,1664.92
12912,1662.3
15214,1661.44
14583,1660.29
18096,1657.87
18276,1656.52
17041,1655.2
16625,1654.03
16813,1652.18
12911,1651.72
13649,1651.48
16907,1650.81
15996,1649.65
15987,1649.47
18085,1645.75
12657,1643.18
13506,1639.2
14420,1639.17
12933,1636.6299999999999
17951,1636.0800000000002
12398,1635.6599999999999
17006,1635.27
15310,1634.64
18062,1632.67
14164,1631.77
18136,1631.3600000000001
17571,1630.91
14904,1630.49
16256,1629.3700000000001
13554,1629.35
15167,1627.62
14759,1625.97
13154,1624.84
15172,1624.05
14937,1621.88
12379,1620.22
15422,1619.97
12577,1617.1
16224,1616.54
14336,1614.91
15013,1610.82
16860,1610.62
13900,1610.59
17814,1609.37
12847,1609.0
13249,1608.93
14920,1607.17
17515,1602.51
15325,1601.46
14178,1600.26
14885,1598.12
12514,1597.76
17853,1596.29
15134,1596.29
13850,1595.48
13239,1594.69
16801,1594.23
17028,1593.83
15289,1593.09
17540,1590.6000000000001
16092,1587.94
17345,1586.6299999999999
13156,1586.54
16096,1584.97
13740,1582.77
17867,1582.05
14719,1581.84
15279,1580.54
13202,1580.3
14587,1580.29
13752,1579.83
12607,1579.51
17222,1579.51
17649,1578.89
13186,1575.89
12549,1575.68
13337,1575.26
14489,1574.93
16099,1573.2
17886,1572.55
14136,1570.81
14198,1569.73
13539,1569.3600000000001
17624,1568.63
16774,1567.48
13939,1560.96
15466,1560.46
12629,1558.22
16140,1557.6000000000001
16394,1555.34
15149,1554.6100000000001
18149,1553.96
13360,1553.65
15074,1553.13
13377,1552.88
17851,1552.35
17323,1551.04
14186,1550.63
16366,1548.1299999999999
17454,1547.94
14754,1547.93
16461,1545.83
16790,1545.6200000000001
16017,1545.58
18036,1545.49
16915,1543.18
13783,1542.09
12818,1542.08
17837,1541.23
13310,1541.2
13579,1539.04
16835,1538.41
15798,1535.37
13402,1535.13
14695,1534.22
18252,1533.69
16491,1533.16
14567,1530.3600000000001
15701,1529.0
17990,1527.6100000000001
12926,1523.97
15587,1522.08
16066,1521.04
14055,1520.96
14264,1517.3600000000001
14068,1516.72
14267,1516.24
13791,1516.0
14220,1515.0
14682,1514.81
17764,1513.57
17610,1511.94
17977,1511.45
17025,1510.64
13370,1509.74
16037,1509.3400000000001
15948,1509.0900000000001
18074,1509.04
16910,1508.96
13158,1508.18
15261,1508.0
17179,1507.26
18022,1507.25
15110,1505.8500000000001
16450,1505.73
14802,1502.98
13810,1499.01
16714,1497.33
15590,1496.6
16340,1496.24
15882,1495.98
15173,1494.6
14894,1492.81
16239,1492.2
16314,1491.4
18268,1490.23
13042,1488.59
17290,1487.96
14609,1486.2
15630,1481.4
15101,1477.94
14246,1474.06
17590,1468.02
13138,1467.24
13500,1466.3
16419,1463.7
12882,1463.04
16586,1462.78
17978,1460.9099999999999
18196,1457.19
15071,1455.56
16569,1455.23
12970,1453.6
13165,1451.1599999999999
13361,1450.5
15574,1450.48
14657,1450.19
16121,1450.04
15876,1449.1399999999999
13023,1449.03
15076,1447.74
17582,1446.95
17073,1446.09
13583,1445.031
15636,1444.58
17175,1443.69
17734,1442.32
18106,1441.06
18066,1440.4
13543,1439.6100000000001
14071,1437.57
16088,1437.43
13278,1435.85
12805,1434.95
12389,1433.33
17941,1433.28
13475,1431.78
15427,1430.54
15468,1430.48
14684,1430.03
17950,1429.46
13159,1429.35
18071,1428.63
14412,1426.19
17411,1425.38
18221,1424.94
13145,1423.52
16980,1422.83
17438,1422.77
15106,1422.52
16463,1422.4
14019,1421.61
15799,1421.34
14775,1418.46
16173,1418.32
17856,1418.03
15223,1417.95
16245,1413.66
17496,1412.89
15237,1412.32
16848,1411.62
15444,1411.21
16906,1410.92
17714,1410.18
17545,1409.86
16854,1408.96
13049,1408.24
12695,1407.1200000000001
15652,1405.94
14909,1404.68
12765,1404.58
18189,1403.73
15186,1403.2
13259,1402.54
14687,1402.06
16926,1399.8600000000001
18202,1396.99
16129,1396.05
14487,1391.37
15322,1390.86
15141,1388.47
12952,1387.79
13382,1387.58
16167,1386.1200000000001
18167,1384.8600000000001
13572,1384.25
14116,1382.74
16389,1382.07
14861,1380.73
15751,1380.44
13821,1379.08
17878,1378.93
13074,1378.74
12886,1378.4
16727,1377.77
14853,1376.87
14662,1376.43
14083,1376.2
15580,1375.39
17908,1374.5
14265,1373.35
14434,1372.8
15453,1371.77
14538,1370.84
14316,1370.34
12533,1367.89
16300,1367.32
13035,1364.2
14577,1364.15
14114,1364.09
13760,1363.64
15347,1363.6
16588,1361.28
13396,1360.99
13919,1360.68
16384,1358.95
17150,1357.95
17429,1357.46
12875,1356.99
17054,1356.33
15116,1352.75
16079,1352.0
17796,1351.04
16367,1350.48
14847,1348.95
15411,1348.93
16669,1348.88
12646,1346.97
14320,1346.75
13639,1346.27
15398,1345.53
12426,1345.21
14550,1345.06
12463,1344.78
15154,1343.72
14618,1342.32
13743,1341.6
17499,1341.39
12620,1339.41
12711,1339.05
12591,1338.95
13803,1338.91
13220,1336.0900000000001
12919,1335.19
17033,1332.79
17932,1331.57
14899,1331.38
16295,1328.55
13232,1328.35
14712,1328.0700000000002
15146,1327.16
14956,1325.0
12960,1322.07
13497,1320.33
14591,1320.21
17097,1318.08
12526,1316.66
14921,1316.07
14511,1314.81
14973,1314.45
16296,1313.67
13282,1313.19
12364,1313.1
16756,1312.3700000000001
12639,1312.37
12987,1312.21
17027,1310.63
13855,1310.3400000000001
16955,1309.41
12717,1308.91
13328,1308.48
16377,1308.48
13846,1307.79
16282,1307.58
16894,1306.96
15677,1305.63
14297,1305.33
15813,1303.9099999999999
15400,1302.3
16370,1301.91
16574,1301.78
15108,1300.25
14284,1299.65
14480,1299.52
16943,1299.49
14479,1299.11
16464,1298.66
12488,1298.66
12372,1298.04
18286,1296.43
16929,1295.39
13440,1295.25
16212,1293.71
15621,1293.03
16777,1292.18
15471,1292.01
16744,1291.91
17109,1291.71
14619,1291.24
14856,1290.53
16372,1290.31
15171,1289.5
14679,1289.44
15774,1288.34
15136,1286.7
16608,1286.6200000000001
16949,1286.27
13300,1285.51
14821,1278.95
13617,1278.75
17521,1278.06
16951,1277.75
15211,1277.48
14478,1276.66
17034,1276.42
13916,1275.81
17142,1275.25
14820,1274.76
15809,1274.44
14167,1274.29
14490,1273.47
13443,1273.16
17478,1272.8
12394,1272.48
16222,1272.05
12630,1270.88
13492,1269.84
15439,1269.05
15584,1268.2
13892,1267.6499999999999
17037,1267.32
17531,1266.82
13515,1265.82
17635,1265.58
15038,1265.41
14379,1265.16
16842,1264.19
14427,1263.52
17759,1261.88
13065,1260.91
16688,1260.86
14984,1260.51
18035,1260.23
17343,1259.94
12993,1259.6299999999999
13689,1259.5
15009,1259.43
15651,1259.06
14474,1258.8899999999999
14931,1257.68
12402,1256.9
17481,1255.59
17862,1254.89
14419,1254.64
15064,1254.41
15441,1254.21
15664,1254.03
16292,1253.76
14725,1252.74
15579,1250.63
15599,1250.06
18135,1249.6200000000001
14020,1249.01
12666,1248.42
14383,1247.69
12689,1247.61
14240,1247.49
13860,1245.9
17076,1242.75
17529,1240.25
13863,1239.55
12985,1239.38
14231,1235.6200000000001
13201,1233.06
12605,1232.95
16527,1232.94
16159,1232.79
18080,1231.5
16723,1231.36
12673,1230.02
13019,1229.95
14871,1228.17
17342,1227.54
12866,1227.35
15800,1227.07
17456,1225.42
15269,1225.36
15303,1224.18
14428,1224.06
13787,1222.5
16946,1222.04
15376,1221.56
17132,1220.9099999999999
14430,1220.9
15004,1220.77
13243,1220.38
13299,1218.7
13304,1217.99
14698,1217.27
15390,1216.66
14512,1215.97
15661,1215.95
17410,1214.72
17198,1213.88
13405,1213.811
13140,1213.18
18263,1213.1599999999999
16872,1213.13
13918,1212.8400000000001
16653,1212.66
12464,1212.05
15377,1211.75
14193,1210.19
17653,1207.56
16830,1207.5
18193,1207.35
16762,1207.24
12742,1201.52
17360,1200.51
14446,1200.28
15181,1200.1999999999998
15600,1199.31
17397,1198.28
17713,1198.09
16307,1194.92
15145,1194.73
13723,1194.08
14382,1193.6299999999999
14201,1193.54
12611,1193.32
13293,1192.94
16306,1192.82
13976,1192.3600000000001
14213,1192.2
16501,1191.23
13882,1191.13
16471,1189.98
12462,1189.59
17239,1189.45
14275,1189.3799999999999
18057,1188.46
15573,1188.42
18181,1188.34
15737,1188.1200000000001
17800,1187.21
13388,1185.65
18060,1185.46
14206,1185.01
15259,1182.3799999999999
17021,1182.22
13526,1182.0
13395,1180.23
18277,1180.05
13270,1180.0
17058,1179.89
16614,1179.79
16693,1179.48
13797,1179.45
17062,1179.14
16345,1178.79
18025,1177.72
17539,1176.84
13233,1176.46
15210,1176.19
14370,1175.78
15994,1175.68
12885,1175.22
15068,1174.9
12915,1174.75
12640,1174.58
14126,1172.46
12691,1170.4
17373,1167.5
17664,1166.23
14693,1165.36
15525,1165.15
14261,1163.45
16800,1162.65
17525,1161.9
12546,1161.5
12972,1161.2
13897,1160.72
13459,1160.4099999999999
15088,1160.07
13601,1159.99
16838,1159.61
13499,1159.11
17513,1158.8
16184,1158.79
17169,1156.73
14788,1156.32
17127,1155.0300000000002
13030,1154.8
16637,1154.47
13462,1153.85
14818,1153.56
17984,1152.19
14475,1151.15
12475,1149.64
12710,1149.02
15028,1148.91
14308,1147.02
16766,1145.6
17477,1144.3
12769,1143.6
17770,1143.27
14585,1143.27
17201,1143.1
12439,1142.88
13856,1142.03
16270,1141.24
16521,1140.11
15586,1139.1
17500,1138.0
15879,1137.8
17302,1135.63
17866,1134.95
13109,1134.03
15022,1133.44
16989,1133.25
18125,1131.75
15500,1131.56
13393,1131.45
12616,1131.1
15695,1131.04
17622,1130.21
12427,1129.3
13447,1129.14
14450,1128.44
12373,1127.65
14671,1127.45
15969,1127.05
12503,1126.0
13167,1125.15
13778,1124.49
14917,1123.75
17492,1122.42
13486,1122.41
17562,1122.38
18218,1121.84
13368,1121.5
13589,1120.74
17007,1120.1
16354,1119.46
17423,1118.95
16430,1117.94
17788,1117.9
16278,1117.84
16769,1117.05
14080,1115.68
13509,1114.72
16203,1114.54
14672,1113.14
12679,1113.02
12648,1112.0
16139,1111.15
16702,1110.83
15069,1109.53
15559,1109.4
15828,1108.82
15933,1107.46
14375,1106.82
14891,1106.73
14102,1105.8799999999999
17812,1105.29
12434,1103.43
16895,1102.9
14948,1101.97
13295,1101.97
12785,1100.4
16014,1100.28
14009,1099.91
17137,1099.81
12421,1098.6
13108,1098.52
16916,1098.45
14971,1097.98
13835,1095.27
17703,1094.84
15745,1094.59
14460,1093.5
12803,1092.81
17726,1092.06
14199,1091.7
16805,1091.34
16211,1090.5900000000001
13853,1090.14
12534,1089.18
15254,1088.35
16188,1087.66
16223,1087.05
15763,1086.92
14139,1086.8
13546,1086.24
16298,1085.7
14013,1084.57
17420,1084.43
16533,1082.81
14805,1082.55
14561,1080.76
13744,1080.52
14343,1079.66
13726,1079.6599999999999
12354,1079.4
13567,1079.29
15546,1079.1000000000001
14352,1078.96
13656,1078.85
16183,1077.81
16642,1077.45
17366,1077.24
16071,1076.8
13607,1075.81
16048,1075.23
15912,1074.7
16231,1074.47
13727,1074.15
15238,1071.99
13467,1071.91
12801,1071.82
13521,1071.73
16593,1071.1399999999999
14484,1070.98
16884,1070.97
17522,1070.71
12728,1070.17
17871,1068.95
17854,1068.5
16386,1068.16
15436,1067.75
15626,1067.52
17277,1065.3500000000001
15639,1065.08
13959,1064.77
14488,1064.28
14966,1064.26
15801,1063.95
12936,1063.9
17849,1063.76
12815,1063.46
14411,1063.0
17616,1060.8
15706,1060.56
17727,1060.25
17421,1059.41
18130,1059.39
17214,1059.1200000000001
14734,1056.42
12791,1056.1100000000001
15645,1055.17
15977,1054.73
12716,1053.49
12580,1052.9
15886,1052.8700000000001
15855,1052.72
16391,1052.26
14947,1049.79
13775,1049.66
17934,1049.15
15026,1048.89
15839,1048.49
16728,1048.28
17578,1047.33
17474,1047.0
15407,1046.74
15091,1046.61
17555,1045.74
14108,1044.96
15464,1044.65
15535,1044.3700000000001
13359,1043.31
14813,1041.79
16903,1041.75
16991,1041.21
16261,1041.16
13613,1039.8500000000001
13873,1038.92
12486,1037.28
17042,1036.58
14902,1035.6200000000001
17926,1035.49
16260,1035.45
12811,1033.9
17724,1033.0
14248,1032.95
13000,1032.5
17405,1031.41
13235,1031.07
16198,1030.0410000000002
14932,1029.66
16418,1028.74
15333,1028.56
16385,1028.55
16682,1028.0
17869,1027.96
16227,1027.22
15887,1027.15
15003,1027.03
17749,1026.18
16160,1025.44
13602,1025.17
17310,1025.1
14204,1024.83
17362,1024.04
16568,1020.9000000000001
12572,1020.42
13376,1019.76
18142,1019.52
12403,1019.36
13956,1019.27
16441,1019.13
12828,1018.71
16284,1018.48
12905,1018.42
16787,1017.53
12793,1017.33
15970,1017.32
12652,1017.03
13641,1016.47
13333,1015.74
14675,1015.58
16623,1015.24
14355,1014.45
12410,1013.71
13466,1013.35
12642,1013.26
15951,1013.17
16451,1013.1500000000001
17197,1013.01
17980,1012.72
15713,1010.79
13039,1010.73
16572,1009.6
13258,1009.43
16287,1006.98
13429,1006.8
15850,1006.75
13238,1006.63
15771,1006.54
12703,1006.53
13427,1006.53
13549,1005.8
13867,1005.09
14214,1004.38
15363,1004.11
18160,1003.88
16435,1003.0699999999999
12446,1002.3100000000001
16122,1001.34
13857,1001.01
14255,1000.63
12545,1000.39
15508,1000.27
18143,1000.16
13005,999.68
12413,999.45
17205,999.35
17329,998.53
16863,998.52
17631,998.49
12722,997.63
16898,997.29
13965,996.61
16699,994.6
13292,994.51
17237,994.13
15104,993.54
17299,993.23
14223,991.13
13559,990.0
13245,989.22
15973,988.44
17883,988.42
15176,988.04
16130,987.48
18237,987.1
13439,986.61
12862,984.62
17144,984.57
14142,983.15
15109,983.1
12541,981.18
12543,980.25
14510,979.85
14230,979.8000000000001
15025,979.79
17369,979.1999999999999
13350,979.12
14157,978.69
15132,977.9300000000001
14454,977.3
17123,977.17
17221,976.62
15247,976.06
15406,975.87
15165,975.5
16376,974.96
15646,974.61
15449,974.52
12994,974.4200000000001
17958,973.8799999999999
12525,973.73
16009,972.11
16535,972.04
14350,972.03
17100,971.74
14953,971.32
15208,970.52
18006,969.51
13223,969.1200000000001
16254,967.44
13204,966.6600000000001
14138,965.8800000000001
17987,965.4399999999999
15084,965.2
12550,964.83
16763,964.6999999999999
15268,961.9000000000001
15156,961.49
16518,959.37
12588,958.78
18192,957.97
12697,957.59
17080,957.53
12675,957.25
17172,956.5699999999999
16141,955.94
12990,955.5
14629,955.26
16947,955.21
12505,955.2
15430,954.75
17298,954.26
15835,954.09
17189,953.63
12414,952.41
14615,951.76
17955,949.9
12767,949.82
17081,949.39
13046,949.25
13636,949.12
15177,948.93
12822,948.88
12874,948.42
12355,947.61
17516,947.5
16136,946.8
14994,946.72
16861,946.59
17356,946.47
16146,946.38
18217,945.04
17544,944.82
13261,944.1
17860,943.84
16199,942.75
17604,942.38
15385,942.08
14958,941.99
14326,940.98
13416,940.8000000000001
15107,940.35
13936,939.66
16109,939.4799999999999
17527,939.37
14437,936.34
17020,935.62
14140,935.05
12942,934.35
16781,934.25
15792,933.84
15787,933.26
16661,932.76
18154,932.6
18133,931.4999999999999
12396,931.43
13465,931.12
14924,931.01
15723,930.7
14338,928.1
13288,927.61
15243,927.2800000000001
17805,927.03
16975,926.12
12745,925.41
13805,924.6
14128,924.21
18001,924.14
16643,923.11
13034,922.68
17322,922.59
15654,922.53
13122,922.39
17472,922.35
16362,922.16
13934,922.1
14605,921.5600000000001
12638,921.49
15576,921.37
15957,921.25
14272,920.81
17363,920.46
12998,920.08
14568,919.7
13075,919.61
13872,919.57
15304,919.5500000000001
17760,918.93
16204,918.71
14342,918.44
12368,917.6999999999999
14061,917.4300000000001
14015,917.34
15707,916.98
14423,916.6099999999999
14176,916.01
14839,915.28
14141,915.13
16216,914.9300000000001
14549,913.6
15364,913.19
14359,912.18
15244,912.08
16034,911.32
14289,911.26
14133,911.14
16138,910.35
13038,908.46
15097,908.3499999999999
17464,907.14
14714,906.24
14969,906.23
12808,906.1
13573,904.52
13255,904.46
15180,904.4300000000001
17746,904.1800000000001
17176,902.3199999999999
17382,902.28
13548,901.44
15511,900.53
12945,900.11
14729,899.73
12940,899.69
16834,898.96
15710,898.87
15992,896.6
13996,895.76
17226,895.47
15066,893.59
12772,892.47
17155,892.46
16784,892.33
16442,891.98
15393,891.34
16361,891.21
14065,891.02
15824,890.94
17537,887.67
16900,887.11
15900,886.5699999999999
16228,885.71
17704,885.19
16411,884.9399999999999
17708,884.1800000000001
15907,882.72
18141,882.47
16387,882.46
17480,882.23
17143,880.97
16677,880.62
13937,880.13
14551,878.09
14612,877.7
15653,877.4399999999999
14645,876.89
17864,876.57
13768,875.97
13166,875.93
14681,875.15
16513,874.59
16657,874.43
15469,874.25
17361,871.79
15224,871.36
13200,870.09
17566,869.77
14753,869.51
16948,868.77
16357,868.37
17167,867.11
16567,865.6
13922,865.2
14600,865.1700000000001
12680,862.81
18156,862.52
16668,862.42
12787,862.18
17358,861.01
12794,860.41
13339,860.12
14372,860.08
13891,859.21
12440,859.2
15870,857.46
15287,856.03
17161,856.01
15542,855.71
17968,855.54
17064,855.45
12878,854.99
13945,854.15
14873,854.13
13991,852.88
14686,852.53
15266,852.21
16070,852.15
12696,851.91
17674,851.7
13479,851.37
16020,851.01
17223,850.88
18108,848.8100000000001
12713,848.55
15264,848.4
15784,848.3299999999999
14202,847.76
13221,847.41
13487,846.87
16877,846.62
13970,846.55
14803,845.55
16500,843.91
14922,843.74
15070,843.25
16344,842.42
16846,842.41
17638,842.4
16810,842.04
14862,841.1999999999999
16798,841.16
12891,840.5
13169,840.08
18247,839.73
13940,839.14
17332,838.27
14037,836.95
15832,836.79
14929,836.69
13569,836.36
13795,836.3
16747,836.06
13386,835.46
16737,835.1999999999999
15012,834.82
15190,834.4399999999999
16644,833.78
12903,833.53
13175,831.45
15766,831.0600000000001
15759,830.9300000000001
16924,829.89
14087,829.47
14851,829.41
12730,829.25
12953,828.8100000000001
15617,828.5500000000001
17003,828.21
13681,827.83
17045,827.6800000000001
15945,827.2700000000001
12792,827.01
12461,826.88
12781,826.74
16494,826.53
17880,824.9200000000001
13513,824.59
14260,824.28
16264,823.53
15137,823.4
14508,822.92
15847,822.57
16164,822.48
16680,821.45
16246,821.35
13893,821.1
15314,820.4499999999999
16135,819.45
17683,819.01
13612,818.29
15483,817.8199999999999
14890,817.25
18043,817.2
16869,817.12
14872,816.6
13514,815.9000000000001
15399,815.77
14556,815.69
13811,814.5
12763,814.16
16658,814.07
14624,814.07
16621,813.48
17194,812.5
16460,811.23
16624,810.5699999999999
13045,808.92
15533,807.57
17495,806.72
12797,806.11
12632,804.88
13637,804.3
18248,804.02
16469,803.9
15644,803.54
18265,801.51
16127,801.31
17114,801.12
17023,800.18
13720,799.9
13041,799.13
17251,798.98
16438,798.35
13389,797.96
15309,797.96
17281,797.8499999999999
15637,797.59
16155,796.9
15396,796.3800000000001
16952,795.83
18084,795.23
13336,795.12
15831,794.64
16961,794.56
17212,794.41
16679,793.06
13296,792.51
14022,792.15
16250,791.38
14976,790.86
13484,790.72
13544,790.2
14656,790.0
13016,789.89
16759,789.79
16472,789.6
15448,788.81
17952,788.46
14557,788.38
17817,788.15
14513,788.01
13323,787.85
16468,787.52
13212,786.83
14463,786.5699999999999
12628,786.46
16739,786.43
13770,785.37
13541,785.25
15806,784.58
13595,784.48
13415,784.17
15714,783.96
12761,782.95
16836,782.37
15952,781.91
17255,781.7
13453,781.6899999999999
13287,781.59
15679,781.28
15239,780.59
13502,780.5
15246,780.4
17691,780.0500000000001
18228,779.9
12735,779.5699999999999
12504,779.05
13781,778.83
14815,778.5
16958,778.49
14690,777.68
16505,777.6
13563,777.53
13745,777.36
15837,777.01
15794,777.0
15618,776.851
14997,776.6
15092,776.46
15743,775.96
13314,775.94
13341,775.85
17482,775.64
15921,775.26
15414,774.9000000000001
15773,774.52
18058,774.06
18112,773.36
16565,773.05
15075,773.03
17349,772.41
12923,770.42
17801,770.03
14838,769.9200000000001
12965,769.8100000000001
16480,769.29
16978,768.88
13980,768.82
13356,768.24
15331,767.91
13712,766.42
12991,764.82
14413,764.52
13699,764.15
16602,763.33
17466,763.28
15428,762.75
16806,762.16
13598,761.96
14883,761.59
17425,759.17
18246,758.8199999999999
16720,758.74
15908,758.62
15568,758.29
15006,757.78
16392,756.7
16262,755.15
16892,754.75
18104,754.64
18034,754.2
14234,754.12
14247,753.56
17579,753.28
14998,753.18
13730,752.6
13070,751.7
14923,749.1
16972,749.0
14048,748.69
15656,748.5
17387,746.81
14942,746.56
17889,746.42
14050,746.36
16465,746.24
18190,745.62
14228,745.5
13950,745.06
13236,744.85
12871,744.02
14104,743.53
13354,743.53
17038,743.17
16730,743.11
15420,743.0
14302,742.9000000000001
12465,742.1899999999999
18275,741.85
13721,741.54
13713,740.76
15919,739.77
15720,739.22
12603,739.1999999999999
15922,739.0
15988,738.89
15462,737.05
16075,736.9300000000001
17461,735.82
15045,735.66
12527,735.51
17430,735.1700000000001
13286,734.91
15938,734.81
12537,732.94
17979,732.41
13780,732.07
13575,732.0699999999999
17548,731.26
17681,731.2
14778,730.86
13921,730.7
13452,729.8
12925,729.3299999999999
15872,729.25
18163,728.84
17756,728.75
12786,728.5
17547,727.85
17141,727.58
17374,727.11
16447,727.1
18078,725.53
12723,725.07
17964,724.97
18187,724.89
13729,724.73
14798,724.31
17572,723.01
15368,722.74
13264,722.5600000000001
17615,721.8
13441,720.9
16023,719.81
17999,718.8
13537,717.85
13604,717.62
16269,717.57
12573,717.41
16526,717.21
15274,716.57
12519,716.54
12535,716.35
12492,715.21
15330,714.96
13512,713.39
14026,713.11
13147,712.8000000000001
17761,712.78
14470,712.04
15127,711.5
13103,709.64
13057,709.59
13927,708.26
12485,708.1
14398,707.79
16449,707.69
12453,707.09
13626,707.04
16309,706.57
17051,706.49
12890,706.02
16364,705.79
16882,705.12
16015,704.55
12612,704.0400000000001
16274,703.5
12883,703.47
15103,703.36
17561,703.02
14699,702.6
16997,702.0
17825,701.96
14324,701.61
14179,701.57
14356,701.23
13833,700.41
17163,699.78
13242,699.4
16018,698.13
14497,697.0600000000001
16415,696.76
15700,696.68
14959,695.42
13101,695.4
15995,694.54
15053,693.95
14111,692.85
17733,692.19
12817,690.98
14880,690.59
16545,689.82
17834,689.6700000000001
17502,689.1
15361,689.07
12450,688.2
18017,688.0
15901,687.72
14809,686.76
13898,686.4
16824,686.24
17935,686.14
12658,686.05
15257,685.9
15219,685.45
15184,685.39
16885,684.6
13585,684.54
15669,684.34
15207,683.9200000000001
17874,683.46
14222,683.17
15582,682.9100000000001
13987,682.54
12601,681.26
12478,680.99
18271,680.85
18082,680.84
13524,680.1800000000001
13809,679.6999999999999
13430,679.45
14151,679.45
17782,679.02
16646,678.8
14182,678.77
13925,678.25
13974,677.72
16601,677.0
13040,676.99
17462,675.69
13325,675.3
13355,674.7
13951,674.45
14504,673.26
16648,672.8
16226,672.17
17011,671.6999999999999
15562,671.4300000000001
17709,671.01
13398,670.34
17418,670.0600000000001
13741,668.4300000000001
16268,667.65
17962,666.96
18123,666.64
13217,666.48
17105,665.78
16132,664.1999999999999
16704,664.16
13596,664.11
15643,664.0
14720,663.81
16573,663.61
15350,663.25
12837,662.66
13864,662.4000000000001
16862,662.33
14425,661.39
13028,661.3199999999999
12386,660.8
17375,660.55
14603,660.0
15405,659.84
15492,659.4599999999999
13759,659.4100000000001
14452,658.95
13622,658.95
14150,658.64
13433,658.3199999999999
16887,658.17
15880,658.0600000000001
15715,658.02
16696,657.9000000000001
17852,657.8100000000001
17459,657.3
16157,656.69
16708,656.63
14558,655.5
17371,655.37
16117,654.4
17398,653.38
13496,653.33
18121,653.3
15205,653.24
13820,652.75
17523,652.74
13840,651.4
12855,650.94
16056,650.75
16969,650.41
17779,650.32
14034,648.89
12844,648.6
16495,648.26
17777,647.56
16734,646.76
13474,646.59
14024,645.74
17380,645.0
12719,644.95
16185,644.72
17312,644.3
17976,643.58
17963,643.16
13237,643.0
15297,641.94
14537,641.4
12365,641.38
12624,641.13
13318,640.76
14563,640.54
12538,640.45
12880,640.13
15183,639.93
12734,639.65
15648,639.5
17998,639.24
16428,638.49
12699,638.11
14664,636.24
15829,636.14
16534,635.9
17334,635.15
14365,634.68
14219,633.83
15666,632.9399999999999
13540,632.39
14237,632.14
18183,632.07
13822,632.0
17985,631.35
13706,631.17
16193,630.43
16399,630.22
13525,628.78
14283,628.4399999999999
16158,628.32
13480,627.82
13518,627.16
14036,626.65
13914,626.45
14381,625.9399999999999
14793,625.9
16715,625.52
16330,625.38
17134,625.3000000000001
13776,623.98
16750,623.93
15147,623.5
16792,623.46
16431,623.28
15258,623.16
12575,622.8199999999999
14115,622.6700000000001
17005,622.36
18101,622.01
14169,621.51
16368,621.44
15016,620.89
13836,620.37
14339,620.27
12667,620.13
15276,619.8
13444,619.08
13020,618.96
14079,618.73
13493,618.63
16613,618.59
14594,618.33
12596,618.27
13301,618.09
14455,617.72
15956,617.6
14377,617.05
13369,616.5600000000001
16311,616.26
17639,615.17
15275,615.14
14077,615.08
16847,614.89
16566,614.66
16844,614.34
16343,614.12
14570,613.75
17035,613.59
15362,613.08
16116,612.78
16178,612.6
16589,612.36
12513,612.29
13008,612.13
15232,612.06
16922,611.08
13731,610.59
13832,609.89
14636,609.85
15748,609.8100000000001
17325,609.5699999999999
17707,609.3000000000001
16675,608.86
13933,608.7900000000001
15018,607.46
17473,607.0
15717,607.0
17119,606.91
15158,606.02
16590,605.9
17507,605.58
14323,605.0600000000001
16321,604.5500000000001
12944,604.51
14611,604.3299999999999
13106,603.46
12707,603.42
18264,603.25
16022,602.63
16080,602.5600000000001
12654,601.98
17270,601.4499999999999
14254,601.03
12420,600.39
17745,600.34
18211,600.07
17678,599.76
12521,599.68
12556,599.56
13311,598.57
15424,597.78
14569,597.3299999999999
15631,596.67
16780,596.4
15346,596.12
14965,596.09
17845,596.09
17209,595.7
17658,595.42
13684,594.88
14771,594.62
13558,594.52
15442,594.0
15929,594.0
14746,593.5
16412,593.19
18232,592.97
16776,592.51
13472,592.24
17815,591.96
17156,591.87
12790,591.85
17483,591.73
15524,591.4
17098,591.0699999999999
15160,589.27
15624,588.13
15191,588.05
17890,586.89
14173,586.0
17392,585.92
12384,585.27
12800,584.25
14023,584.07
15762,583.75
17014,583.4300000000001
16001,583.39
14670,583.33
16445,583.16
15918,582.88
16100,582.64
16802,582.61
17099,582.17
14742,579.85
16596,579.63
15588,579.6
14529,578.61
18262,577.54
15830,576.0
17557,575.46
17773,575.37
12859,575.1
13262,573.45
12879,573.22
17274,573.22
13424,572.77
13379,572.56
13179,572.3100000000001
14053,572.3
12816,572.2
13816,571.6700000000001
15198,571.35
15691,571.3
18053,571.0699999999999
15821,570.96
13190,570.66
17122,570.5
15315,570.5
15857,570.48
14170,570.18
17433,569.96
15169,569.22
15920,569.14
13406,568.92
18244,568.64
13321,567.36
16667,567.1800000000001
14208,567.05
15627,566.9
13998,566.7
18150,566.58
13894,564.62
15344,563.94
15143,563.63
15597,563.37
17665,563.1
14986,563.1
17195,562.98
17970,562.79
12559,561.71
17233,560.86
15655,560.67
17413,560.14
14273,559.97
15415,559.61
17503,558.96
14592,557.94
13260,557.62
18127,556.13
13024,555.87
15102,554.67
15634,554.65
18056,554.6
16641,554.5
15650,553.88
17407,552.9
17016,552.4
12363,552.0
13677,551.24
16414,551.21
17291,550.8000000000001
17265,550.01
12390,549.84
16111,549.33
15055,549.12
15200,549.05
15842,548.8
13948,548.76
16936,548.29
18039,548.22
16536,548.12
15598,548.02
16031,547.9
16811,547.07
17637,547.0600000000001
17295,547.0
17520,546.81
15080,546.25
17806,546.04
15728,544.6
18207,544.47
16475,544.3
13390,544.08
13955,544.07
14716,543.28
16927,543.05
15959,542.89
16519,542.76
13785,542.49
15675,542.04
16230,542.03
16060,541.95
16647,541.9
17447,541.53
17643,541.25
17580,541.02
16576,540.87
12819,540.52
12743,540.13
17524,539.14
13812,539.0
15539,538.46
13961,538.4
14539,537.48
16804,536.99
18140,536.41
13207,535.86
15890,535.65
16142,535.34
12810,534.99
13807,534.8
13385,534.57
17443,534.24
17436,534.06
16785,533.78
16707,533.41
13594,533.32
15433,533.3
15825,532.94
15659,532.49
15115,531.85
14940,531.49
16583,531.4
16706,531.35
16935,530.86
15917,530.17
18159,530.15
14002,529.73
17458,529.58
18191,529.4
16406,528.36
15756,528.01
18098,527.94
14616,527.7800000000001
12479,527.2
16421,526.27
15467,524.88
14417,524.65
15683,524.54
17765,524.0
13277,523.3
17712,522.91
13605,522.67
16413,522.03
17514,522.0
12956,521.89
15689,521.03
13977,519.8100000000001
12571,519.61
12777,519.45
12825,518.63
13600,518.42
12979,517.7
18205,517.36
14311,516.45
13043,516.42
14429,516.28
13859,515.86
18243,515.78
14949,515.0
17510,514.56
18212,514.37
12897,514.25
12977,513.88
18011,513.58
16829,513.32
13177,512.2
15891,511.68
12361,511.25
16561,511.12
13367,510.20000000000005
13710,509.52
14008,509.04
12436,509.01
12907,508.91
15417,508.8
17391,508.8
14317,508.58000000000004
13067,508.51
14552,507.93
17415,507.84
14158,507.66
17384,507.55
13885,506.8
13123,506.75
14647,506.04
12988,505.82
14807,504.14
17630,503.59999999999997
12376,503.15
12419,503.01
15138,502.52
17276,502.49
17266,501.71999999999997
13865,501.56
15881,501.39000000000004
14968,501.24
13116,501.14
13247,501.12
18049,500.92
17248,500.54
16616,500.42
12366,500.24
17110,499.9
13553,499.6
15193,499.32
16402,499.1
17256,498.92999999999995
16488,498.8
14171,498.79
17053,498.48
16820,497.61
17680,497.45000000000005
17335,497.04
17923,497.0
12943,496.5
15300,496.44
15278,496.15999999999997
12904,496.06
16977,496.0
17995,495.48
14319,494.85
16352,494.44
17333,494.25
15447,492.88
14270,492.65000000000003
18203,492.52
14310,492.1
13732,491.86
17269,491.81
14663,490.6
15000,490.52
15877,490.33
14416,490.22
12983,490.08000000000004
12634,490.0
17476,489.86
17715,489.59999999999997
17988,489.54
14722,489.52
17925,488.16
18280,488.15000000000003
17608,488.06
13412,487.34999999999997
13733,487.03000000000003
16021,487.03
13675,486.82000000000005
17453,486.71999999999997
12920,486.64
13153,486.22
15216,486.09
12443,485.31
16999,484.82
16024,483.99
16603,482.47
17996,482.33
12542,481.88
18216,481.75
17106,481.58
13176,481.49
15174,481.46000000000004
15048,479.7
13428,478.54
15589,478.53000000000003
12447,476.49
18176,476.35
15277,476.34
15507,475.86
15780,475.28000000000003
16552,475.02000000000004
14322,474.1
17104,474.03
16635,473.0
13194,472.78
14975,472.39
13642,472.2
13161,472.13
16038,471.78000000000003
15721,471.40000000000003
16473,470.83
13066,470.8
15963,470.76
17254,469.48
14058,469.19
14369,469.13
15557,468.91
15387,468.65
12554,468.5
13171,468.41
14491,468.13
17294,467.78999999999996
17187,467.71
14029,467.66
16390,467.5
12958,467.34
14052,466.66
14148,466.29
16504,465.88
13248,465.68
17181,465.37
13928,464.57
15349,463.90999999999997
14727,463.72999999999996
18083,463.53
17040,463.25
14627,462.75
14331,462.65999999999997
14954,462.12
15958,462.12
13624,462.08
18284,461.68
15540,460.68
12491,460.40000000000003
16310,460.08
17111,459.58
14118,458.45
13957,458.25
14599,457.89
14011,457.82
15121,457.72
16069,457.7
12375,457.5
17344,457.36
12564,456.9
14819,456.41
14296,456.40000000000003
16039,456.4
12999,455.88
15585,455.3
14335,454.86
16765,454.75
17067,454.54
12459,454.36
17140,454.12
15475,454.10999999999996
17564,454.01
17376,453.64
18158,453.4
16481,453.38
12729,453.01
14184,452.89
16799,452.78000000000003
13698,451.73
18100,451.56
15802,451.42
18031,451.3
15961,451.28999999999996
12831,451.11
15124,450.82
16870,450.15999999999997
13150,449.96999999999997
14784,449.93
13877,449.68
13489,449.52
15126,449.49
12448,449.45
15418,449.42
17823,449.25
15739,449.12
14761,447.92
14780,447.68
18201,447.53000000000003
13754,447.05
16095,447.05
14149,446.62
17370,446.18
14010,445.15
14328,445.05
18134,445.0
12788,444.9
18270,444.55
14638,443.6
16424,443.06
16404,443.05
18222,443.0
14996,442.28999999999996
17699,442.0
12579,440.42
18233,440.0
13954,439.92
16025,439.65999999999997
16968,439.43
13086,439.33000000000004
17718,439.18
13432,439.1
13358,439.03
13964,438.9
17729,438.65000000000003
15859,438.46
17807,437.87
12552,437.82
17070,437.42
14846,437.4
12672,437.05
14123,436.18
16084,436.18
16166,435.83
12445,434.98
13738,434.78000000000003
15323,434.6
14910,434.35
14238,434.23
16888,434.2
14093,433.86
16939,433.85
18029,433.77
12493,433.74
15613,433.71999999999997
16522,433.36
17178,432.96
17687,432.68
16604,432.45
16236,432.2
16881,432.0
14042,431.98
15488,431.92
17842,430.69
12452,430.57
12795,430.48
12827,430.15000000000003
15450,429.84
15461,429.7
14979,429.66
15230,429.6
15036,429.56
13413,429.44
15888,429.16
15553,428.93
18089,428.45
15360,427.93
12740,427.6
18285,427.0
17740,426.9
18152,426.69
15930,426.63
14288,426.6
15966,426.53000000000003
15217,426.24
14877,425.85
13703,425.56
17103,424.3
15545,424.3
16541,424.03
16913,423.90999999999997
17330,423.8
14097,422.85999999999996
13374,422.8
16137,422.7
16689,422.59999999999997
18240,422.58
16149,422.22
16773,421.24
14757,420.5
15206,420.29999999999995
15711,420.25
14575,420.22
13672,419.92
13442,419.87
13096,419.70000000000005
14124,419.58000000000004
13079,419.18
15262,418.82
12593,418.09999999999997
13073,418.08
17701,417.95
17855,417.94
17232,417.77
16832,417.61
14762,417.57
12833,417.38
17258,417.3
16816,417.06
15935,416.86
16957,416.64
15011,416.6
16355,416.35
16356,415.87
12930,415.8
12608,415.79
15725,415.25
14333,415.2
16752,415.0
13565,414.8
18278,414.20000000000005
13002,414.13
13669,413.55
14082,413.36
17601,413.08
17767,413.05
17662,412.92
14620,412.78000000000003
16932,412.55
18050,412.06
16272,411.7
15960,410.95
15099,410.48
17598,409.98
13827,409.8
15894,409.69
14581,409.65
14348,409.57
15225,409.40000000000003
16864,409.25
16921,409.21
16243,409.1
13686,409.04
12974,408.95
16629,408.63
16324,408.59000000000003
17285,407.94
12353,406.76
16632,406.4
17000,406.3
15342,406.09
12741,406.07
16815,406.02
18111,405.85
12922,405.38
13143,405.1
13640,405.0
15941,405.0
15968,404.55
13574,404.45
16319,404.40000000000003
16484,404.3
12498,403.70000000000005
14678,403.39
17785,403.38
17431,403.3
13530,402.97999999999996
16315,402.71
15504,402.7
17094,402.20000000000005
16998,402.0
14494,401.46
14471,400.95
17168,400.2
14358,400.06
15501,399.95
15446,399.75
18164,399.65000000000003
13252,399.3
18128,399.29
17052,399.09
17830,398.7
15522,397.99
13352,397.97999999999996
12508,397.88
15037,397.76
15280,397.52
15429,397.35
17789,397.15000000000003
12824,397.12
17486,396.87
13597,396.71
15883,396.48
17918,396.39
18067,396.33
15577,396.03000000000003
16893,395.82
13879,395.5
13083,395.43
12677,395.1
16538,395.07
18048,394.93
16207,394.38
15386,394.14
12499,393.72
17300,393.64
15345,393.54
15437,393.45
17563,392.38
18110,392.28000000000003
16827,392.13
16783,391.95
14072,390.85
14197,390.05
17116,389.78
18024,389.78
17379,389.71999999999997
14752,389.64
13345,389.5
17479,389.26000000000005
17286,389.18
12690,389.01
18227,388.75
15592,388.58
13896,388.55
13899,388.52
13673,387.44
17771,387.41
17595,386.69
16148,386.62
17614,386.32
14779,386.15
13584,385.7
16492,385.56
12973,385.55
12889,385.46000000000004
12829,385.3
14826,385.2
17617,385.19
17711,385.1
17171,384.59
16868,384.56
16433,384.52
17357,384.39
13966,384.26
16982,384.06
14598,384.04
15155,383.96999999999997
13792,383.95
17804,383.78000000000003
12515,383.7
15440,383.68
12547,383.58
12832,383.03
13817,382.98
17403,382.87
14767,382.81
16988,382.67
13657,382.14
17753,382.06
17250,381.97
14908,381.9
16304,381.66
15090,381.32
17393,381.15
17903,381.09000000000003
12796,381.0
17573,380.6
17936,380.13
14731,380.02
16577,380.0
14200,379.2
16909,379.14
16930,378.89
13372,378.64
17078,378.2
12651,377.75
12941,377.49
17736,377.44
17783,376.96
17717,376.92
16544,376.70000000000005
17489,376.64
14353,376.5
13997,376.46
14531,376.34
13688,375.5
14448,375.35
14294,375.34
14067,374.7
17912,374.55
17568,374.45
14736,374.05
13351,373.94
13283,373.36
17810,373.16
15337,373.02
13197,373.01000000000005
14981,372.92
12895,372.8
12544,372.7
12981,372.21999999999997
13164,372.2
17245,371.63
18155,371.62
15472,371.56
18162,371.51
14950,371.2
15975,371.01
15063,370.79999999999995
15765,370.63
14168,370.45
15458,370.43999999999994
17437,369.68
16758,369.34000000000003
14888,369.2
14172,369.02
15477,368.4
17792,368.35
15989,368.31
14706,367.54
14018,367.15000000000003
14962,366.91
14244,366.41999999999996
12899,366.4
17911,366.23
16974,365.5
15029,365.1
13545,364.93
17536,364.83
14886,364.8
15949,364.72
15343,364.5
15915,364.45
14528,364.21999999999997
16509,363.7
14253,363.40000000000003
16078,362.99
16378,362.95
13962,362.8
14840,362.71
14122,362.42
17339,362.36
16052,362.06
13844,361.62
18119,361.4
16305,361.21999999999997
16448,361.12
13274,360.85
18091,360.85
17772,360.75
17012,360.61
17945,360.35
18208,360.08
13298,360.0
15008,360.0
13181,359.69
14926,359.4
14919,359.35
15120,358.82
17948,358.56000000000006
16856,358.49
17748,358.15
13228,358.0
16606,357.66
15595,357.6
12495,357.4
16971,357.21
18040,357.20000000000005
18273,357.0
14500,356.85
17200,356.71
15840,355.56
12996,355.5
16920,355.45
15863,355.1
14268,354.85
15986,354.42
12888,354.12
12845,354.09
16323,353.66
18003,353.51
13210,353.48
13343,353.43
14804,353.27
16382,353.1
16690,353.03
12617,352.98
13765,352.821
16857,352.8
12566,351.65
16192,351.3
13923,351.13
14252,350.99
13332,350.9
13281,350.85
15334,350.82
16476,350.35
12532,349.83000000000004
13670,349.7
13887,349.55
18250,349.27
14545,349.25
17252,348.91
13790,348.8
17577,348.75
15282,348.59
16263,348.16
12760,347.8
17668,347.75
15085,347.54
12441,347.1
13062,346.98
12411,346.9
17780,346.56
13234,346.5
16423,346.12
15781,345.46
13774,345.0
14633,344.90000000000003
18199,344.75
15519,344.61
17569,344.14
13068,344.0
16990,344.0
15047,343.62
15520,343.5
18081,343.45
12715,343.36
13519,343.21000000000004
17795,342.83
13550,342.55
16851,342.45
14989,342.4
17835,342.24
17660,342.22
14724,341.9
16826,341.7
16585,341.59
13347,341.36
13187,341.36
17928,341.24
16259,340.94
17542,340.85
16044,340.84000000000003
15818,340.5
12900,340.33
12698,339.75
13737,339.59999999999997
14203,339.34
17697,338.95
14630,338.65
17833,338.46000000000004
14799,338.15
17296,338.13
12869,337.66999999999996
15942,337.44
12780,337.4
13930,337.34
18269,337.2
17973,337.04
17488,336.5
15619,336.40000000000003
13482,336.09
17967,335.69
14196,335.52
16063,335.32
17917,335.03
12489,334.93
17821,334.62
12350,334.4
17607,333.81
13216,333.74
14241,333.70000000000005
16234,333.18
16006,332.82
14137,332.7
13904,332.64
16850,332.41
16803,332.3
16452,332.17
17647,331.65999999999997
15512,331.58
17435,331.35
16030,331.24
13981,331.14
16478,331.0
15878,330.77
17776,330.56
14517,330.45
12807,330.35
13010,330.12
15130,330.11
12850,330.0
18186,329.58
17518,329.42
17914,329.36
17154,329.34
15153,329.25
15979,329.22
16286,328.95
14012,328.8
16855,328.4
15213,328.35
14747,328.2
16318,328.15
15709,327.85
17196,327.75
15735,327.68
13498,327.38
16322,326.75
12460,326.65
13646,326.25
18047,326.09
17439,325.74
12804,325.37
13661,325.24
15670,325.20000000000005
13801,324.8
15982,324.51
12946,324.45
18261,324.24
16685,324.24
13834,324.19
17440,323.58
13025,323.39
16195,323.25
14263,322.93
16627,322.8
14832,322.69
16342,322.41
14424,322.08
15726,321.91
18090,321.9
13111,321.88000000000005
17471,321.65000000000003
14070,321.6
15770,321.45
14823,321.43
17182,321.3
15869,321.11
15236,321.05
15432,320.76
14622,320.58000000000004
13986,320.46
17843,320.4
17309,320.39
16683,320.25
13942,320.0
13843,319.75
16436,319.14
16967,319.02
17229,318.76
16273,318.34000000000003
15682,318.24
14703,318.17
17839,318.15
18253,317.88
17267,317.2
15616,317.11
17689,317.08
16761,316.62
15204,316.58
12529,316.48
13494,316.26000000000005
17408,316.09000000000003
18117,315.65
12614,315.6
15042,315.45
16091,315.06
17121,314.74
14991,314.67
18206,314.65999999999997
12650,314.44
18070,314.1
15873,313.91999999999996
15196,313.7
13087,313.64
16582,313.62
12665,313.6
13845,312.98
15162,312.9
13905,312.65
15318,312.62
13226,312.46
12834,312.38
17326,312.35
14094,311.77
14951,311.69
12852,311.55
13990,311.3
15724,310.85
13400,310.83
16328,310.83
13847,310.72
16439,310.70000000000005
12738,310.7
15185,310.62
14848,310.56
15308,310.47
15188,310.43
13315,310.26
14749,310.15
13628,310.14
15699,309.65
16373,309.49
12884,309.05
15010,308.94
16956,308.74
16194,308.59999999999997
14181,308.35
14927,308.2
15302,308.0
13289,307.95
15778,307.95
16123,307.78
13529,307.76
14777,307.56
13060,307.53
17120,307.46
13932,307.4
15374,307.32
14783,307.3
17721,307.21000000000004
13036,307.1
13142,307.09
15087,306.94
13660,306.64
16649,306.58000000000004
13718,306.55
18059,306.46
16524,306.19
17077,306.0
15454,305.99
15135,305.68
16796,305.62
16181,305.54
15893,305.28000000000003
13383,305.28000000000003
15163,304.47
18185,304.25
16217,304.25
16674,304.24
17688,304.2
14990,304.17
17383,304.09
16489,303.7
14791,303.63
14806,303.43
18255,303.15
16425,302.7
14043,302.6
18165,302.46000000000004
17506,302.2
15054,302.1
15242,302.04
16297,301.9
13773,301.54
15667,301.32
15148,301.29
13625,301.26
16437,301.25
12351,300.93
16479,300.83
16050,300.7
17556,300.67
17793,300.34
14797,300.31
17991,300.3
17766,299.61
12864,299.57
13346,299.4
17898,299.18
13667,299.05
12595,299.02
15609,298.48
17824,298.4
12881,298.0
18018,297.99
14835,297.0
17627,296.36
13751,296.25
12898,296.21000000000004
13504,295.93
14269,295.73
14614,295.13
16252,295.09000000000003
16579,295.05
17057,294.74
17301,294.39
15060,294.25
17124,294.24
17927,294.0
15718,293.79
14192,293.74
15928,293.53
17710,293.5
17441,293.35
17207,292.62
16721,292.47
16543,292.21
13739,292.2
14985,292.01
13449,291.88
17907,291.76
17882,291.56
16615,291.5
18182,291.13
17551,290.34
15391,289.87
16897,289.78
13796,289.7
15962,289.48
15041,289.4
14162,289.36
17501,288.6
16808,288.42
16432,287.4
17497,287.25
13508,287.05
14660,285.74
14402,285.6
17636,285.56
16890,285.41
13708,285.33
12487,285.29999999999995
16429,284.55
15445,284.5
17359,284.46
15354,284.4
13616,283.85
15662,283.73
13121,283.73
13909,282.85
15936,282.79
13511,282.76
12771,282.3
16557,281.85
13326,281.76
13679,281.26
18042,281.15
15772,280.88
12851,280.76
13080,280.73
14433,280.7
14242,280.55
13581,280.53000000000003
17247,280.09000000000003
15556,279.77
14183,278.34000000000003
14764,278.3
14303,277.94
15338,277.93
15355,277.05
13606,276.75
13272,276.56
12750,275.88
13399,275.4
16313,274.15000000000003
12789,273.35
17072,273.35
13307,273.34
17355,273.31
13861,273.26
17498,272.22
13917,272.04
14816,271.85
17292,271.75
14436,271.70000000000005
13058,271.40000000000003
15943,271.28999999999996
17278,271.24
18238,270.92
14520,270.6
16757,270.48
12558,269.96
18267,269.37
15964,269.21000000000004
13533,269.09
17264,268.28
12751,268.27
18254,267.9
14039,267.28000000000003
15408,267.18
15320,267.13
15517,267.03
15423,266.89
17786,266.85
14863,266.76
13837,266.59000000000003
14392,266.4
15119,266.4
12962,266.39
13973,264.7
16334,263.73
13128,263.5
16089,263.49
12892,263.38
17808,262.64
13331,262.4
17910,261.7
14957,261.69
12655,261.35
13189,260.68
17901,260.08
17022,260.0
16733,259.68
13127,259.17
17558,259.17
17219,259.13
15536,259.09
14526,258.65
13683,258.6
16502,258.55
13227,257.7
15014,257.67
16542,257.32
15503,257.3
15852,257.26
14483,257.1
15404,257.06
14876,256.7
14274,256.6
12430,256.4
13806,256.38
17896,256.32
17385,256.11
13825,255.59
14881,255.4
16911,255.25
12746,254.55
12604,254.18
15923,254.16
14765,254.11
17626,254.0
16845,253.88
13250,253.09
17992,252.88
15019,252.81
15035,252.73000000000002
13251,252.68
16908,252.59
15552,252.52
16074,252.5
13404,252.49
13645,252.1
17210,251.72
16453,251.71
16976,251.51999999999998
14501,251.21
14166,251.15
18266,251.1
16962,251.04
15231,250.26
17303,250.04
15510,250.0
13747,249.39999999999998
12563,249.24
13061,248.61
13592,247.95999999999998
16381,247.85
15293,247.5
18072,247.44
13349,247.32
14658,247.15
14654,246.86
15697,246.75
13943,246.54
15495,246.5
15378,246.5
15783,246.3
18153,246.22
16778,245.94
14325,245.48000000000002
14281,245.15
12660,245.1
15118,244.8
15884,244.60000000000002
16528,244.41
18002,244.37
14694,244.31
13551,244.2
17892,244.1
13676,243.9
16793,243.84
13886,243.56
16215,242.35
15543,242.26
17009,242.06
13445,241.89999999999998
13582,241.68
15776,241.62
14774,241.45
14523,241.09
16427,241.06
16508,240.95
13674,240.68
15286,240.55
15336,240.5
15931,239.9
15690,239.76
13570,239.49
13789,239.45999999999998
17684,239.41
12663,239.4
17981,239.12
13275,238.86
12561,238.85
12718,238.25
16280,238.05
14982,237.78
17877,237.61
14586,237.36
15457,237.07
12732,236.26000000000002
13088,236.11
16026,236.09
17093,235.88
17872,235.87
16046,235.78
12392,234.75000000000003
13114,234.38
14473,234.34000000000003
17060,234.24
13009,234.0
12736,234.0
13348,233.76
14153,233.4
15294,233.35
13129,233.25
16302,233.22
17055,232.85
13678,232.6
18213,232.48000000000002
13608,232.05
14995,231.98000000000002
16408,231.93
17151,231.90000000000003
17136,231.68
18279,231.33999999999997
15487,231.32
18030,230.64999999999998
17125,230.5
13960,230.22
18197,230.1
14314,229.8
14017,229.75
12812,229.64000000000001
13403,229.5
17185,229.46
15528,229.33
17743,229.2
17347,228.96
15273,228.96
13146,228.91
17066,228.34
14458,228.07
16760,228.0
15566,227.87
14363,227.47000000000003
17868,227.15
16740,226.91
15451,226.86
13651,226.85
18005,226.47
14718,226.42
17993,225.99
14069,225.81
17915,225.78
16622,225.4
16587,225.15
14357,225.12
13619,224.94
16346,224.51
15175,224.14
12914,223.98
16753,223.92000000000002
14928,223.91000000000003
16562,223.85999999999999
13926,223.85000000000002
18131,222.95999999999998
12887,222.4
14596,222.22000000000003
15788,221.82999999999998
14445,221.65
17261,221.59
17087,221.53
14960,221.27
13419,221.06
12821,220.8
16482,220.62
13033,220.55
18132,220.13
18114,220.1
13454,219.87
13992,219.5
14074,219.39999999999998
15096,219.39000000000001
12799,219.35
12702,219.0
15790,218.75
15086,218.53
12574,218.45
15591,217.9
16035,217.73
16666,217.71
15554,217.2
13423,217.03
15401,216.95000000000002
18021,216.41
17902,216.39999999999998
15604,216.39
13858,216.17
16179,215.83
16189,215.48
14376,215.46
14635,215.22
18007,215.22
16338,214.79999999999998
14106,214.79999999999998
14361,214.70999999999998
17619,214.37
15460,214.26
14271,214.18
14601,213.96
18157,213.9
13621,213.85
17153,213.78
13411,213.55
16591,213.5
13724,213.01
13691,212.78
12961,211.99
12470,211.95
15866,211.89
14843,211.79999999999998
15703,211.5
13271,211.49
12995,211.32
15490,210.85
14992,210.5
13532,210.31
17217,210.1
16874,209.89000000000001
17484,209.57
13828,209.49
13056,209.48
14003,209.41
15112,209.4
16487,209.4
17026,208.98
15327,208.75
13290,208.63
15741,208.62
15897,208.59
16457,208.36
15212,208.27999999999997
12848,208.0
16964,207.85
16866,207.73999999999998
15052,207.73000000000002
13099,207.35999999999999
17989,207.32999999999998
15925,207.15
15295,207.04
15820,206.98
17166,206.34
14964,206.21
15914,205.99
14278,205.83
16540,205.75
17670,205.7
16490,205.41000000000003
14602,205.35999999999999
15307,205.3
12400,205.25
15758,205.25
15319,204.5
17271,204.3
16901,204.26
17206,204.24
14468,204.24
13017,204.0
17394,203.86999999999998
17891,203.85999999999999
14519,203.14
17074,203.05
15459,202.82999999999998
15558,202.68
18169,202.65
12416,202.56
14892,202.35000000000002
14385,202.11
16965,201.19
13284,201.19
18281,201.14
18126,200.92000000000002
13556,200.82
14330,200.63
17693,200.47
13133,200.45000000000002
13944,200.43
14782,200.10000000000002
15593,199.8
13322,199.48000000000002
14521,199.45000000000002
15001,199.10999999999999
15020,198.47
17184,198.41000000000003
12581,197.71
17778,197.70000000000002
14185,197.65
14789,197.64
17112,197.57
12927,197.31
15234,197.0
13436,196.89
15746,196.88
13978,196.79000000000002
16937,196.25
16112,195.73999999999998
13757,195.55
17010,195.36
14666,195.25
15612,195.15
14405,195.0
17468,194.8
17065,194.7
17475,194.37
16299,193.65
14476,193.0
12522,192.72
14768,192.60000000000002
15729,192.55
18028,192.05
14100,191.95000000000002
15909,191.94
16695,191.9
14279,191.86
15692,191.04
15954,190.75
14728,190.58
15688,190.57
15412,190.53
18020,190.48000000000002
14617,190.47000000000003
13766,190.35
13972,190.25
17257,189.78
18046,189.63
13826,189.5
14801,189.34
14830,188.88
16277,188.69
14697,188.60999999999999
17283,188.46
16051,188.44
13063,188.4
17781,188.02
17279,187.82999999999998
15072,187.51999999999998
13852,187.35000000000002
18013,187.29
13568,187.05
13387,186.94
16267,186.66
18063,186.60000000000002
17215,186.15
16388,186.05
15567,186.01
12641,185.9
17574,185.65
14879,185.06
16097,185.04999999999998
14677,184.91
17803,184.66
16914,183.76
14059,183.6
13460,183.44
14119,183.37
14983,183.20000000000002
16819,182.59
14941,182.1
12934,181.65
16822,181.39
15359,181.35
16594,181.09
17904,181.07
14858,180.75
17820,180.60999999999999
16090,180.56
12622,180.1
18234,179.6
16640,179.4
14945,179.4
18147,179.33999999999997
15895,179.17
14705,179.0
15209,178.98000000000002
15139,178.96
14812,178.85
16691,178.83
17170,178.68
17879,178.51999999999998
15292,178.39
18045,178.34
12686,178.28
17253,178.26
17798,178.07
18282,178.05
16403,177.5
13618,177.34
12618,177.31
13072,177.15
16285,176.9
17036,176.9
17587,176.71
13746,176.69
17947,176.68
14287,176.63
12893,176.55
18054,176.5
12509,176.5
18175,176.1
18274,175.92
17840,175.9
14486,175.5
18166,175.5
13007,175.25
16144,175.2
17331,175.2
16559,175.0
17108,174.95
18010,174.8
14495,174.8
14518,174.37
15684,173.95
14674,173.66
15565,173.16
16741,173.06
16599,172.8
13671,172.6
13690,172.25
12442,172.06
15515,171.81
17983,171.71
17575,171.7
13560,171.42000000000002
16312,171.15
16673,171.13
14536,170.95
15403,170.88
14811,170.5
15256,170.4
17922,170.4
14860,170.32
16731,170.3
15335,170.22
14218,169.48000000000002
16002,169.21
15647,169.0
12367,168.9
12768,168.69000000000003
14578,168.63
18099,168.31
17737,168.24
14131,168.22
12551,168.0
17559,167.62
17367,167.55
18037,167.42
17586,167.4
13609,167.35
16405,167.25
15166,167.16
17875,167.1
13547,167.08
13967,166.3
17650,166.08
18088,166.03
18107,165.88
13903,165.45000000000002
15316,165.0
16663,165.0
13470,165.0
13191,164.69
15904,164.68
17535,164.4
13603,164.34
17417,164.18
14955,163.77
14354,163.62
14485,162.8
16517,162.7
18174,162.5
12954,162.45
15733,162.3
15534,162.25
16443,162.24
18014,162.22
12661,162.0
17971,161.94
17600,161.67000000000002
16113,161.38
13714,161.35
13779,161.13
13701,161.0
13229,160.95
17605,160.75
17202,160.65
17487,160.55
15229,160.5
16645,160.39
18146,160.35000000000002
12966,160.18
14571,160.0
13420,159.85
13302,159.2
17953,159.17000000000002
16213,159.0
18224,158.95000000000002
14089,158.75
15499,158.65
15548,158.09
15348,158.04
14318,158.02
18004,157.92
17751,157.85999999999999
14207,157.8
14822,157.70000000000002
16687,157.63
12894,157.35
17318,157.32999999999998
16371,157.2
17128,157.09
17118,157.02
15007,156.91
15742,156.87
13830,156.85000000000002
14406,156.75
16578,156.6
15438,156.57999999999998
15263,156.51
17885,156.34
13051,155.8
17832,155.37
14368,155.0
14046,154.99
17698,154.95
15740,154.88
17899,154.55
15226,154.41
13490,154.25
14814,154.21
17517,153.94
15560,153.52
15431,153.24
12602,153.12
16248,152.94
18138,152.65
18113,152.64000000000001
14066,152.55
15509,152.41
17327,152.35
13653,152.2
16617,151.85
14362,151.5
18076,151.49
13697,151.29999999999998
14516,151.17
16337,151.05
16662,151.05
14073,151.04
12959,150.95
14980,150.68
15991,150.55
14084,150.5
15775,150.5
15474,150.35
18200,150.35
14845,150.0
17234,149.89000000000001
13257,149.75
17946,149.57999999999998
17390,149.3
15435,149.29
13003,149.05
17549,148.86
13125,148.62
15526,148.44
15283,148.33
17592,148.3
13457,148.22
13578,147.66
15479,147.4
14098,147.35
16724,147.35
17794,147.3
12858,147.27
17030,146.87
14683,146.56
15496,146.14000000000001
18137,145.99
12565,145.92
13866,145.67000000000002
15937,145.35
14972,145.07
16598,145.04999999999998
15902,145.01
16852,144.91000000000003
17938,144.29
14109,144.2
15816,144.14999999999998
12587,144.0
17186,144.0
12387,143.94
14604,143.85999999999999
14574,143.70000000000002
17149,143.10000000000002
15705,143.1
15761,143.05
16507,142.71
14386,142.4
17859,141.92000000000002
18038,141.48
14041,141.41
17273,141.12
12636,141.0
17959,140.75
14773,140.55
15388,140.54
15702,140.39000000000001
13483,140.34
15324,140.22000000000003
13839,139.95000000000002
16840,139.85
16483,139.35
14772,139.26
14707,139.2
18209,139.10000000000002
13273,138.98
12902,138.68
13716,138.28
17982,138.18
15663,138.14
15848,137.99
16396,137.8
13279,137.75
15836,137.37
13907,136.8
13195,136.73
16237,136.65
16289,136.31
16651,136.2
16876,136.01
14366,136.0
16462,136.0
12968,135.95
17583,135.95
14889,135.9
15419,135.86
16114,135.75000000000003
14391,135.6
13076,135.4
16665,135.39999999999998
14588,135.39
13144,135.35
17972,135.19
13702,135.18
17960,135.08
17199,135.04000000000002
13364,134.95999999999998
13119,134.9
16055,134.8
14340,134.7
14174,134.46
15926,134.44
16486,134.36
14280,134.04
16886,134.0
14349,133.5
17881,133.35000000000002
17826,133.34
12467,132.8
12964,132.24
12512,132.18
14438,131.9
17565,131.83
17455,131.7
14795,131.45000000000002
14378,131.25
15409,131.25
17225,131.15
16865,130.95
15844,130.73999999999998
17240,130.6
16410,130.32
16288,129.85
17762,129.75
15317,129.75
14865,129.72
17847,129.69
14999,129.48000000000002
12555,129.23
13071,129.22
17056,128.60000000000002
16828,128.5
17089,128.45
16251,128.31
15892,128.2
17297,128.18
13666,127.9
13053,127.65
13586,127.28
15578,127.1
16973,127.0
14751,126.45
15463,126.14
16294,126.05000000000001
13794,126.03
17657,126.0
12814,125.92
13522,125.80000000000001
16925,125.65
15017,125.58
15731,125.3
13912,124.95
17148,124.88
17818,124.78
13312,124.75
16849,124.57
17316,124.45
18000,124.25
12773,124.25
15779,124.08000000000001
13968,123.66
14187,123.5
16397,123.13
13876,122.7
13638,122.64
12969,122.45
13084,122.39999999999999
16073,122.39999999999999
13244,121.74000000000001
13182,121.18
15049,121.17000000000002
17260,120.95
17446,120.9
14884,120.6
14165,120.44
14444,120.44
17543,120.05
18015,120.03
14259,120.0
14453,119.93
15161,119.92
17541,119.86
17177,119.5
15843,118.95000000000002
17280,118.85999999999999
17079,118.80000000000001
14155,118.75
14076,118.67
12929,117.85
16291,117.72
17654,117.55
16959,117.35000000000001
14726,116.5
17117,116.19999999999999
14874,116.18
14143,115.8
16068,115.73
18027,115.31
18012,115.3
17401,114.85
17933,114.69
15905,114.69
13188,114.60000000000001
16247,114.56
14632,114.56
14652,114.18
12938,114.14
14582,114.11
17275,114.1
15056,113.64999999999999
14457,113.64
18105,113.48000000000002
16821,113.35
17784,112.86
18148,112.85000000000001
14689,112.8
16697,112.75
18129,112.55000000000001
13241,112.53
15899,112.5
15610,112.46000000000001
13620,112.34
17816,112.32
17900,112.19999999999999
13193,112.08
12756,112.07999999999998
14750,112.03
17957,111.68
14668,111.63
17304,111.5
17887,111.35
17208,111.15
15352,111.15
18120,111.15
14464,111.0
12692,110.95
14509,110.95
15537,110.92
15853,110.8
18256,110.7
14787,110.65
16963,110.55000000000001
14641,110.46
17836,110.21000000000001
17909,110.05
15851,109.73
14033,109.44
16363,109.36000000000001
16064,109.31
16664,109.2
14721,109.07
14345,108.97999999999999
13170,108.81
15875,108.52
16106,108.38
14374,108.0
14661,107.95
13580,107.75
14943,107.62
15395,107.45
16301,107.33
15328,107.24
17893,107.21
16047,107.14
15846,107.01
16630,106.80000000000001
16082,106.75
14637,106.67999999999999
15168,106.56
15927,106.54
17791,106.1
16581,105.84
18103,105.8
15642,105.78000000000002
14579,105.56
15340,105.5
14027,104.82
17328,104.7
16547,104.25999999999999
16375,104.0
16896,103.95
14542,103.25
15924,102.82
18124,102.65
17467,102.6
14836,102.44999999999999
13829,102.0
15486,102.0
18068,101.69999999999999
16516,101.69999999999999
16944,101.36
18086,101.34
18195,101.16
13011,101.10000000000001
17741,101.1
16498,100.97
17493,100.91000000000001
14946,100.9
17224,100.86
17427,100.8
14371,100.5
15635,100.35
17570,100.0
17939,99.14
12774,98.7
17538,98.42
16694,98.30000000000001
12984,97.5
17395,97.5
14642,96.12
13793,96.0
15583,95.96
17024,95.85
17895,95.45
18249,95.34
12548,95.19999999999999
15285,94.92
14833,94.8
15868,94.53
16339,94.05
15397,94.0
18033,93.82000000000001
14394,93.8
15305,93.6
12992,93.35000000000001
15082,93.35000000000001
16196,93.3
14054,92.46
13160,91.8
16831,91.8
12659,91.68
13392,91.14
14786,90.96
13947,90.6
14435,90.42
16506,90.30000000000001
16597,90.04
14117,90.0
15686,90.0
14974,89.94
16061,89.65
13535,89.5
14760,89.2
13222,88.5
15603,88.48
15083,88.2
16564,87.8
17606,87.30000000000001
17763,86.15
13180,86.10000000000001
15541,85.13000000000001
13841,85.0
12401,84.3
15094,83.0
14347,82.6
13469,82.4
16028,82.2
13215,81.6
13006,81.57
17620,81.44
17008,81.36
14717,81.3
15170,81.15
17336,81.12
16789,80.8
17752,80.64
15833,80.4
15131,80.28
14190,79.9
16165,79.9
14589,79.5
14007,79.48
15753,79.2
12570,77.52
17942,77.50000000000001
14785,77.4
13132,77.3
16867,76.74000000000001
14373,76.55
14090,76.32000000000001
15668,76.32000000000001
14613,76.32000000000001
13219,76.23
17628,75.75
16610,75.66
14559,75.6
17192,75.28
16420,75.0
17944,74.99
13095,74.39999999999999
12506,73.5
18032,73.5
16171,73.2
17906,72.9
13105,72.0
16459,71.78999999999999
13938,71.66
16970,71.4
13185,71.4
17747,71.4
13915,70.80000000000001
14576,70.80000000000001
15564,70.74000000000001
12568,70.0
13172,69.6
14906,68.44
12861,68.25
17249,68.03
14393,67.95
17532,65.34
13022,65.3
13130,64.0
16238,63.66
17216,63.6
17263,63.440000000000005
15470,63.419999999999995
12404,63.24
16058,62.7
13218,62.63999999999999
14650,62.5
15516,62.43
13380,62.4
13303,61.72
13818,61.28
15375,60.959999999999994
16605,60.48
15250,60.0
17174,59.9
13391,59.8
13682,59.5
15371,59.400000000000006
15233,59.400000000000006
14384,58.5
12466,56.73
17775,56.4
13366,56.160000000000004
15685,55.980000000000004
12776,55.5
17494,54.699999999999996
12860,54.22
13306,53.65
16349,53.5
17599,52.05
15313,52.0
16786,51.839999999999996
17844,51.559999999999995
13254,51.410000000000004
14351,51.0
14743,50.48
18184,49.8
14380,48.96
16530,48.349999999999994
16257,46.95
13438,46.5
15698,46.2
12496,45.34
15672,45.300000000000004
17916,43.87
14300,43.2
13913,42.22
13906,42.0
16219,40.8
14266,40.56
15178,40.5
14086,39.95
16659,39.12
17246,38.92
18019,38.45
15455,38.25
15693,37.5
16162,37.4
17352,36.25
14993,36.13
15940,35.8
16417,35.7
17831,35.400000000000006
15744,34.8
17533,34.8
15871,33.099999999999994
16941,33.0
14977,31.929999999999996
17129,31.85
16454,30.950000000000003
14144,30.599999999999998
13120,30.599999999999998
16548,30.15
15575,30.1
15657,30.0
17319,29.1
17102,25.5
15284,24.75
14610,24.35
16537,23.35
12606,21.0
17986,20.8
16953,20.8
13112,20.6
15999,20.4
13163,17.65
16093,17.0
12846,15.58
14580,14.850000000000001
14900,13.919999999999998
16878,13.3
17956,12.75
17378,10.95
18115,9.700000000000001
15040,7.49
15913,6.300000000000001
14792,6.2
13788,3.75
16738,3.75
14095,2.95
