customer_key,customer_business_key,customer_id_source,country_id
1,17850,17850.0,37
2,13047,13047.0,37
3,12583,12583.0,14
4,13748,13748.0,37
5,15100,15100.0,37
6,15291,15291.0,37
7,14688,14688.0,37
8,17809,17809.0,37
9,15311,15311.0,37
10,14527,14527.0,37
11,16098,16098.0,37
12,18074,18074.0,37
13,17420,17420.0,37
14,16029,16029.0,37
15,16250,16250.0,37
16,12431,12431.0,1
17,17511,17511.0,37
18,17548,17548.0,37
19,13705,13705.0,37
20,13747,13747.0,37
21,13408,13408.0,37
22,13767,13767.0,37
23,17924,17924.0,37
24,13448,13448.0,37
25,15862,15862.0,37
26,15513,15513.0,37
27,12791,12791.0,25
28,16218,16218.0,37
29,14045,14045.0,37
30,14307,14307.0,37
31,17908,17908.0,37
32,17920,17920.0,37
33,UNKNOWN_United Kingdom,,37
34,12838,12838.0,37
35,13255,13255.0,37
36,16583,16583.0,37
37,18085,18085.0,37
38,13758,13758.0,37
39,13694,13694.0,37
40,15983,15983.0,37
41,14849,14849.0,37
42,17968,17968.0,37
43,16210,16210.0,37
44,17897,17897.0,37
45,17377,17377.0,37
46,16552,16552.0,37
47,17181,17181.0,37
48,17951,17951.0,37
49,14729,14729.0,37
50,12748,12748.0,37
51,15012,15012.0,37
52,12868,12868.0,37
53,17572,17572.0,37
54,14078,14078.0,37
55,14001,14001.0,37
56,12662,12662.0,15
57,15525,15525.0,37
58,14237,14237.0,37
59,17905,17905.0,37
60,15485,15485.0,37
61,12433,12433.0,26
62,16955,16955.0,37
63,15350,15350.0,37
64,15605,15605.0,37
65,18144,18144.0,37
66,15922,15922.0,37
67,14594,14594.0,37
68,15165,15165.0,37
69,14911,14911.0,11
70,16456,16456.0,37
71,17841,17841.0,37
72,12472,12472.0,15
73,17346,17346.0,37
74,17643,17643.0,37
75,17873,17873.0,37
76,13093,13093.0,37
77,12921,12921.0,37
78,13468,13468.0,37
79,17760,17760.0,37
80,16928,16928.0,37
81,16048,16048.0,37
82,16274,16274.0,37
83,14496,14496.0,37
84,14696,14696.0,37
85,16539,16539.0,37
86,17025,17025.0,37
87,13777,13777.0,37
88,17690,17690.0,37
89,12947,12947.0,37
90,17460,17460.0,37
91,18229,18229.0,37
92,14142,14142.0,37
93,17069,17069.0,37
94,13065,13065.0,37
95,14606,14606.0,37
96,16835,16835.0,37
97,15235,15235.0,37
98,13576,13576.0,37
99,18011,18011.0,37
100,13090,13090.0,37
101,15694,15694.0,37
102,14741,14741.0,37
103,13715,13715.0,37
104,14092,14092.0,37
105,17732,17732.0,37
106,12855,12855.0,37
107,15752,15752.0,37
108,17855,17855.0,37
109,14047,14047.0,37
110,17925,17925.0,37
111,13941,13941.0,37
112,17017,17017.0,37
113,14135,14135.0,37
114,13108,13108.0,37
115,12471,12471.0,15
116,15601,15601.0,37
117,13418,13418.0,37
118,14766,14766.0,37
119,15658,15658.0,37
120,14388,14388.0,37
121,14901,14901.0,37
122,18041,18041.0,37
123,15955,15955.0,37
124,15070,15070.0,37
125,16244,16244.0,37
126,15111,15111.0,37
127,14390,14390.0,37
128,16546,16546.0,37
129,15260,15260.0,37
130,13305,13305.0,37
131,14491,14491.0,37
132,14060,14060.0,37
133,15923,15923.0,37
134,16752,16752.0,37
135,17287,17287.0,37
136,15363,15363.0,37
137,12915,12915.0,37
138,15544,15544.0,37
139,15738,15738.0,37
140,16042,16042.0,37
141,17381,17381.0,37
142,15827,15827.0,37
143,14180,14180.0,37
144,13117,13117.0,37
145,16916,16916.0,37
146,17964,17964.0,37
147,14466,14466.0,37
148,17235,17235.0,37
149,16510,16510.0,37
150,17802,17802.0,37
151,15107,15107.0,37
152,17976,17976.0,37
153,14449,14449.0,37
154,15838,15838.0,37
155,16781,16781.0,37
156,17547,17547.0,37
157,13491,13491.0,37
158,16186,16186.0,37
159,17685,17685.0,37
160,17581,17581.0,37
161,15732,15732.0,37
162,13138,13138.0,37
163,15823,15823.0,37
164,17567,17567.0,37
165,15061,15061.0,37
166,16203,16203.0,37
167,15640,15640.0,37
168,15574,15574.0,37
169,16770,16770.0,37
170,17838,17838.0,37
171,17228,17228.0,37
172,14829,14829.0,37
173,17412,17412.0,37
174,14031,14031.0,37
175,14775,14775.0,37
176,12971,12971.0,37
177,15834,15834.0,37
178,17659,17659.0,37
179,15299,15299.0,37
180,15646,15646.0,37
181,13958,13958.0,37
182,14443,14443.0,37
183,14156,14156.0,11
184,16995,16995.0,37
185,13402,13402.0,37
186,18168,18168.0,37
187,17757,17757.0,37
188,14625,14625.0,37
189,13011,13011.0,37
190,13798,13798.0,37
191,15384,15384.0,37
192,14264,14264.0,37
193,13295,13295.0,37
194,16754,16754.0,37
195,16634,16634.0,37
196,18239,18239.0,37
197,14576,14576.0,37
198,13145,13145.0,37
199,14395,14395.0,37
200,14865,14865.0,37
201,15093,15093.0,37
202,12738,12738.0,15
203,16150,16150.0,37
204,17552,17552.0,37
205,14236,14236.0,37
206,17961,17961.0,37
207,14573,14573.0,37
208,17135,17135.0,37
209,17396,17396.0,37
210,14213,14213.0,37
211,12967,12967.0,37
212,12686,12686.0,14
213,14679,14679.0,37
214,15240,15240.0,37
215,18225,18225.0,37
216,13370,13370.0,37
217,16883,16883.0,37
218,13520,13520.0,34
219,12841,12841.0,37
220,16905,16905.0,37
221,12427,12427.0,15
222,17967,17967.0,37
223,16891,16891.0,37
224,14589,14589.0,37
225,UNKNOWN_EIRE,,11
226,14680,14680.0,37
227,17884,17884.0,37
228,12557,12557.0,32
229,14083,14083.0,37
230,13013,13013.0,37
231,14210,14210.0,37
232,16477,16477.0,37
233,12600,12600.0,15
234,16013,16013.0,37
235,17949,17949.0,37
236,12779,12779.0,27
237,16926,16926.0,37
238,17787,17787.0,37
239,12682,12682.0,14
240,14723,14723.0,37
241,17954,17954.0,37
242,17819,17819.0,37
243,12712,12712.0,15
244,15373,15373.0,37
245,16140,16140.0,37
246,17198,17198.0,37
247,17238,17238.0,37
248,12793,12793.0,28
249,15769,15769.0,37
250,14396,14396.0,37
251,14898,14898.0,37
252,12725,12725.0,20
253,16725,16725.0,37
254,12395,12395.0,4
255,16455,16455.0,37
256,13081,13081.0,37
257,15545,15545.0,37
258,17243,17243.0,37
259,15465,15465.0,37
260,15708,15708.0,37
261,13089,13089.0,37
262,16033,16033.0,37
263,13838,13838.0,37
264,15351,15351.0,37
265,18055,18055.0,37
266,15038,15038.0,37
267,18109,18109.0,37
268,13069,13069.0,37
269,16241,16241.0,37
270,14800,14800.0,37
271,16839,16839.0,37
272,16168,16168.0,37
273,16931,16931.0,37
274,16814,16814.0,37
275,13269,13269.0,37
276,14813,14813.0,37
277,12567,12567.0,14
278,17062,17062.0,37
279,15332,15332.0,23
280,14810,14810.0,37
281,16353,16353.0,37
282,18118,18118.0,37
283,13831,13831.0,37
284,13506,13506.0,37
285,17796,17796.0,37
286,15716,15716.0,37
287,18156,18156.0,37
288,15221,15221.0,37
289,16983,16983.0,37
290,17059,17059.0,37
291,16327,16327.0,37
292,17211,17211.0,37
293,17026,17026.0,37
294,15570,15570.0,37
295,15880,15880.0,37
296,16718,16718.0,37
297,15808,15808.0,37
298,17858,17858.0,37
299,16393,16393.0,37
300,14161,14161.0,37
301,17863,17863.0,37
302,16411,16411.0,37
303,16402,16402.0,37
304,15023,15023.0,37
305,17402,17402.0,37
306,15426,15426.0,37
307,12647,12647.0,15
308,15894,15894.0,37
309,15867,15867.0,37
310,14506,14506.0,37
311,15555,15555.0,37
312,13034,13034.0,37
313,15889,15889.0,37
314,15953,15953.0,37
315,16143,16143.0,37
316,12720,12720.0,15
317,16422,16422.0,37
318,12747,12747.0,37
319,15502,15502.0,37
320,12763,12763.0,21
321,14081,14081.0,37
322,17965,17965.0,37
323,14404,14404.0,37
324,13579,13579.0,37
325,13174,13174.0,37
326,15987,15987.0,37
327,17677,17677.0,37
328,13652,13652.0,37
329,12586,12586.0,20
330,17428,17428.0,37
331,16161,16161.0,37
332,16858,16858.0,37
333,18219,18219.0,37
334,14293,14293.0,37
335,14748,14748.0,37
336,16638,16638.0,37
337,17674,17674.0,37
338,12808,12808.0,28
339,13094,13094.0,37
340,15899,15899.0,37
341,12708,12708.0,15
342,15898,15898.0,37
343,17691,17691.0,37
344,17227,17227.0,37
345,15039,15039.0,37
346,15919,15919.0,37
347,13497,13497.0,37
348,15860,15860.0,37
349,14189,14189.0,37
350,15304,15304.0,37
351,14867,14867.0,37
352,14344,14344.0,37
353,12474,12474.0,15
354,16719,16719.0,37
355,15048,15048.0,37
356,15301,15301.0,37
357,14708,14708.0,37
358,16898,16898.0,37
359,14825,14825.0,37
360,18113,18113.0,37
361,17596,17596.0,37
362,15078,15078.0,37
363,14085,14085.0,37
364,17860,17860.0,37
365,13155,13155.0,37
366,15028,15028.0,37
367,16919,16919.0,37
368,17259,17259.0,37
369,17019,17019.0,37
370,14487,14487.0,37
371,16722,16722.0,37
372,15882,15882.0,37
373,14667,14667.0,37
374,16710,16710.0,37
375,16550,16550.0,37
376,15984,15984.0,37
377,17682,17682.0,37
378,16658,16658.0,37
379,17068,17068.0,37
380,15356,15356.0,37
381,17223,17223.0,37
382,16817,16817.0,37
383,13030,13030.0,37
384,17191,17191.0,37
385,15194,15194.0,37
386,14409,14409.0,37
387,16654,16654.0,37
388,16861,16861.0,37
389,16138,16138.0,37
390,13481,13481.0,37
391,13495,13495.0,37
392,17519,17519.0,37
393,17218,17218.0,37
394,17812,17812.0,37
395,14215,14215.0,37
396,15602,15602.0,37
397,17320,17320.0,37
398,16782,16782.0,37
399,12913,12913.0,37
400,17869,17869.0,37
401,13564,13564.0,37
402,14850,14850.0,37
403,15021,15021.0,37
404,13963,13963.0,37
405,17450,17450.0,37
406,17091,17091.0,37
407,17470,17470.0,37
408,17616,17616.0,37
409,15649,15649.0,37
410,12681,12681.0,14
411,14907,14907.0,37
412,17735,17735.0,37
413,16059,16059.0,37
414,17720,17720.0,37
415,15018,15018.0,37
416,14733,14733.0,37
417,13756,13756.0,37
418,14176,14176.0,37
419,13319,13319.0,37
420,15353,15353.0,37
421,18119,18119.0,37
422,17491,17491.0,37
423,14282,14282.0,37
424,13569,13569.0,37
425,15498,15498.0,37
426,14673,14673.0,37
427,13488,13488.0,37
428,16221,16221.0,37
429,15002,15002.0,37
430,15965,15965.0,37
431,15024,15024.0,37
432,17675,17675.0,37
433,13769,13769.0,37
434,16904,16904.0,37
435,16086,16086.0,37
436,13786,13786.0,37
437,13880,13880.0,37
438,13173,13173.0,37
439,15858,15858.0,37
440,15180,15180.0,37
441,12347,12347.0,18
442,14739,14739.0,37
443,16293,16293.0,37
444,17419,17419.0,37
445,16775,16775.0,37
446,16306,16306.0,37
447,16950,16950.0,37
448,17591,17591.0,37
449,12839,12839.0,37
450,13807,13807.0,37
451,16125,16125.0,37
452,15081,15081.0,37
453,18102,18102.0,37
454,16365,16365.0,37
455,17870,17870.0,37
456,14821,14821.0,37
457,16863,16863.0,37
458,13078,13078.0,37
459,13267,13267.0,37
460,13050,13050.0,37
461,12709,12709.0,15
462,15628,15628.0,37
463,12386,12386.0,1
464,14796,14796.0,37
465,16779,16779.0,37
466,13599,13599.0,37
467,13329,13329.0,37
468,18077,18077.0,37
469,14744,14744.0,37
470,17406,17406.0,37
471,15750,15750.0,37
472,13983,13983.0,37
473,13842,13842.0,37
474,12441,12441.0,14
475,13199,13199.0,37
476,14032,14032.0,37
477,17706,17706.0,37
478,16081,16081.0,37
479,16525,16525.0,37
480,14952,14952.0,37
481,17975,17975.0,37
482,16122,16122.0,37
483,13126,13126.0,37
484,15973,15973.0,37
485,16558,16558.0,37
486,16713,16713.0,37
487,16893,16893.0,37
488,15529,15529.0,37
489,18043,18043.0,37
490,16016,16016.0,37
491,17722,17722.0,37
492,17324,17324.0,37
493,17341,17341.0,37
494,14051,14051.0,37
495,15916,15916.0,37
496,16233,16233.0,37
497,16385,16385.0,37
498,15032,15032.0,37
499,17213,17213.0,37
500,18061,18061.0,37
501,13113,13113.0,37
502,16553,16553.0,37
503,13455,13455.0,37
504,14217,14217.0,37
505,17262,17262.0,37
506,14299,14299.0,37
507,18259,18259.0,37
508,17676,17676.0,37
509,16679,16679.0,37
510,18269,18269.0,37
511,12766,12766.0,28
512,15298,15298.0,37
513,18193,18193.0,37
514,13523,13523.0,37
515,12870,12870.0,37
516,15005,15005.0,37
517,15581,15581.0,37
518,15680,15680.0,37
519,13649,13649.0,37
520,17894,17894.0,37
521,13270,13270.0,37
522,14618,14618.0,37
523,14866,14866.0,37
524,13077,13077.0,37
525,13115,13115.0,37
526,13531,13531.0,37
527,13848,13848.0,37
528,13140,13140.0,37
529,15713,15713.0,37
530,17999,17999.0,37
531,15347,15347.0,37
532,17340,17340.0,37
533,13984,13984.0,37
534,15996,15996.0,37
535,14030,14030.0,37
536,16252,16252.0,37
537,16596,16596.0,37
538,16700,16700.0,37
539,16011,16011.0,37
540,17655,17655.0,37
541,16717,16717.0,37
542,14243,14243.0,37
543,12963,12963.0,37
544,15079,15079.0,37
545,14437,14437.0,37
546,12942,12942.0,37
547,15660,15660.0,37
548,18092,18092.0,37
549,15358,15358.0,37
550,12481,12481.0,15
551,12721,12721.0,14
552,12621,12621.0,15
553,18071,18071.0,37
554,12683,12683.0,14
555,12755,12755.0,21
556,13854,13854.0,37
557,12797,12797.0,28
558,13369,13369.0,37
559,12494,12494.0,14
560,17857,17857.0,37
561,17411,17411.0,37
562,14932,14932.0,7
563,12429,12429.0,10
564,14987,14987.0,37
565,14355,14355.0,37
566,17526,17526.0,37
567,14896,14896.0,37
568,14440,14440.0,37
569,13240,13240.0,37
570,14479,14479.0,37
571,16065,16065.0,37
572,17430,17430.0,37
573,16520,16520.0,37
574,15945,15945.0,37
575,15181,15181.0,37
576,15856,15856.0,37
577,13102,13102.0,37
578,14205,14205.0,37
579,17702,17702.0,37
580,15271,15271.0,37
581,13982,13982.0,37
582,15288,15288.0,37
583,17978,17978.0,37
584,16795,16795.0,37
585,16519,16519.0,37
586,17816,17816.0,37
587,13021,13021.0,37
588,16255,16255.0,37
589,17671,17671.0,37
590,17646,17646.0,37
591,12649,12649.0,15
592,16350,16350.0,37
593,12872,12872.0,37
594,17339,17339.0,37
595,18230,18230.0,37
596,16499,16499.0,37
597,17097,17097.0,32
598,15192,15192.0,37
599,14441,14441.0,37
600,15279,15279.0,37
601,16579,16579.0,37
602,15380,15380.0,37
603,17442,17442.0,37
604,17950,17950.0,37
605,12826,12826.0,37
606,17456,17456.0,37
607,17307,17307.0,37
608,15811,15811.0,37
609,13327,13327.0,37
610,17700,17700.0,37
611,13136,13136.0,37
612,15535,15535.0,37
613,12605,12605.0,15
614,15329,15329.0,37
615,15211,15211.0,37
616,15596,15596.0,37
617,16163,16163.0,37
618,16907,16907.0,37
619,17576,17576.0,37
620,14713,14713.0,37
621,14702,14702.0,37
622,13230,13230.0,37
623,13969,13969.0,37
624,17530,17530.0,37
625,15805,15805.0,37
626,17696,17696.0,37
627,17076,17076.0,37
628,17827,17827.0,37
629,16265,16265.0,37
630,17880,17880.0,37
631,13000,13000.0,37
632,17790,17790.0,37
633,12731,12731.0,14
634,14419,14419.0,37
635,14082,14082.0,37
636,17912,17912.0,37
637,15723,15723.0,37
638,16656,16656.0,37
639,14037,14037.0,37
640,14256,14256.0,37
641,14543,14543.0,37
642,16062,16062.0,37
643,18116,18116.0,37
644,16019,16019.0,37
645,18178,18178.0,37
646,18065,18065.0,37
647,13148,13148.0,37
648,12989,12989.0,37
649,14107,14107.0,37
650,15881,15881.0,37
651,12785,12785.0,28
652,16727,16727.0,37
653,15514,15514.0,37
654,13787,13787.0,37
655,17865,17865.0,37
656,17220,17220.0,37
657,16565,16565.0,37
658,16873,16873.0,37
659,14062,14062.0,37
660,15179,15179.0,37
661,18016,18016.0,37
662,14448,14448.0,37
663,15503,15503.0,37
664,17251,17251.0,37
665,16923,16923.0,37
666,14159,14159.0,37
667,17126,17126.0,37
668,15224,15224.0,37
669,14577,14577.0,37
670,12753,12753.0,21
671,17236,17236.0,37
672,17372,17372.0,37
673,16367,16367.0,37
674,12875,12875.0,37
675,17917,17917.0,37
676,16010,16010.0,37
677,17085,17085.0,37
678,13668,13668.0,37
679,14684,14684.0,37
680,17188,17188.0,37
681,15547,15547.0,37
682,15998,15998.0,37
683,14413,14413.0,37
684,18004,18004.0,37
685,13959,13959.0,37
686,16665,16665.0,37
687,15454,15454.0,37
688,15044,15044.0,37
689,17937,17937.0,37
690,14608,14608.0,37
691,17618,17618.0,37
692,14505,14505.0,37
693,18037,18037.0,37
694,13198,13198.0,37
695,12540,12540.0,32
696,13225,13225.0,37
697,15361,15361.0,37
698,15689,15689.0,37
699,14290,14290.0,37
700,13209,13209.0,37
701,13999,13999.0,37
702,14498,14498.0,37
703,15854,15854.0,37
704,16701,16701.0,37
705,16927,16927.0,37
706,17990,17990.0,37
707,14544,14544.0,37
708,17338,17338.0,37
709,17231,17231.0,37
710,17799,17799.0,37
711,14565,14565.0,37
712,16726,16726.0,37
713,17303,17303.0,37
714,14639,14639.0,37
715,17611,17611.0,37
716,17179,17179.0,37
717,17524,17524.0,37
718,12476,12476.0,15
719,17293,17293.0,37
720,17890,17890.0,37
721,17375,17375.0,37
722,17371,17371.0,37
723,17969,17969.0,37
724,15159,15159.0,37
725,13211,13211.0,37
726,15777,15777.0,37
727,14525,14525.0,37
728,13324,13324.0,37
729,13802,13802.0,37
730,13948,13948.0,37
731,13008,13008.0,37
732,14206,14206.0,37
733,16202,16202.0,37
734,16442,16442.0,37
735,18075,18075.0,37
736,15468,15468.0,37
737,16570,16570.0,37
738,14524,14524.0,37
739,18141,18141.0,37
740,12434,12434.0,1
741,16810,16810.0,37
742,14961,14961.0,37
743,17041,17041.0,37
744,16458,16458.0,37
745,16083,16083.0,37
746,16262,16262.0,37
747,17194,17194.0,37
748,14057,14057.0,37
749,14871,14871.0,37
750,13178,13178.0,37
751,18044,18044.0,37
752,16812,16812.0,37
753,16191,16191.0,37
754,12370,12370.0,8
755,14298,14298.0,37
756,17158,17158.0,37
757,14415,14415.0,37
758,16899,16899.0,37
759,16531,16531.0,37
760,17404,17404.0,33
761,16556,16556.0,37
762,16805,16805.0,37
763,16503,16503.0,37
764,17739,17739.0,37
765,13238,13238.0,37
766,12829,12829.0,37
767,13097,13097.0,37
768,12867,12867.0,37
769,15392,15392.0,37
770,13846,13846.0,37
771,14401,14401.0,37
772,16145,16145.0,37
773,17629,17629.0,37
774,14150,14150.0,37
775,13496,13496.0,37
776,13611,13611.0,37
777,16954,16954.0,37
778,17454,17454.0,37
779,17449,17449.0,37
780,17230,17230.0,37
781,12865,12865.0,2
782,15950,15950.0,37
783,15512,15512.0,37
784,17525,17525.0,37
785,13458,13458.0,37
786,14426,14426.0,37
787,16003,16003.0,37
788,13092,13092.0,37
789,13426,13426.0,37
790,15101,15101.0,37
791,17033,17033.0,37
792,13221,13221.0,37
793,14201,14201.0,37
794,17692,17692.0,37
795,15822,15822.0,37
796,16134,16134.0,37
797,17551,17551.0,37
798,18050,18050.0,37
799,14913,14913.0,37
800,12666,12666.0,19
801,15641,15641.0,37
802,13124,13124.0,37
803,17214,17214.0,37
804,15456,15456.0,37
805,15062,15062.0,37
806,12928,12928.0,37
807,15727,15727.0,37
808,17980,17980.0,37
809,15290,15290.0,37
810,17752,17752.0,37
811,15615,15615.0,37
812,12577,12577.0,14
813,17044,17044.0,37
814,13829,13829.0,37
815,17633,17633.0,37
816,13266,13266.0,37
817,17820,17820.0,37
818,15664,15664.0,37
819,17189,17189.0,37
820,17496,17496.0,37
821,16607,16607.0,37
822,13317,13317.0,37
823,13890,13890.0,37
824,17001,17001.0,37
825,15246,15246.0,37
826,16996,16996.0,37
827,15482,15482.0,37
828,16037,16037.0,37
829,14841,14841.0,37
830,16670,16670.0,37
831,16985,16985.0,37
832,16705,16705.0,37
833,16470,16470.0,37
834,14414,14414.0,37
835,15563,15563.0,37
836,12980,12980.0,37
837,16746,16746.0,37
838,14878,14878.0,37
839,16743,16743.0,37
840,17146,17146.0,37
841,12877,12877.0,37
842,15394,15394.0,37
843,14621,14621.0,37
844,15379,15379.0,37
845,14309,14309.0,37
846,17288,17288.0,37
847,14709,14709.0,37
848,15157,15157.0,37
849,17744,17744.0,37
850,16316,16316.0,37
851,15620,15620.0,37
852,15789,15789.0,37
853,16560,16560.0,37
854,13534,13534.0,37
855,17580,17580.0,37
856,14777,14777.0,37
857,15759,15759.0,37
858,14373,14373.0,37
859,18176,18176.0,37
860,15366,15366.0,37
861,14735,14735.0,37
862,16271,16271.0,37
863,18223,18223.0,37
864,15532,15532.0,37
865,16816,16816.0,37
866,16684,16684.0,37
867,14334,14334.0,37
868,16945,16945.0,37
869,14643,14643.0,37
870,15197,15197.0,37
871,14220,14220.0,37
872,13874,13874.0,37
873,18260,18260.0,37
874,17848,17848.0,37
875,17392,17392.0,37
876,12348,12348.0,13
877,14985,14985.0,37
878,13004,13004.0,37
879,14560,14560.0,37
880,12370,12370.0,2
881,12931,12931.0,37
882,13627,13627.0,37
883,12551,12551.0,32
884,12782,12782.0,28
885,14769,14769.0,37
886,15780,15780.0,37
887,12417,12417.0,4
888,17315,17315.0,37
889,16711,16711.0,37
890,12726,12726.0,14
891,15204,15204.0,37
892,17888,17888.0,37
893,17007,17007.0,37
894,15160,15160.0,37
895,14016,14016.0,11
896,13033,13033.0,37
897,12691,12691.0,14
898,13869,13869.0,37
899,14146,14146.0,37
900,12705,12705.0,15
901,16885,16885.0,37
902,17913,17913.0,37
903,12668,12668.0,15
904,14472,14472.0,37
905,17358,17358.0,37
906,16686,16686.0,37
907,18245,18245.0,37
908,17343,17343.0,37
909,18256,18256.0,37
910,16153,16153.0,37
911,12377,12377.0,34
912,14646,14646.0,25
913,12944,12944.0,37
914,15312,15312.0,37
915,UNKNOWN_Bahrain,,3
916,14099,14099.0,37
917,14113,14113.0,37
918,13104,13104.0,37
919,17204,17204.0,37
920,13027,13027.0,37
921,17621,17621.0,37
922,17090,17090.0,37
923,14119,14119.0,37
924,15527,15527.0,37
925,18097,18097.0,37
926,15460,15460.0,37
927,15034,15034.0,37
928,12423,12423.0,4
929,12678,12678.0,14
930,15208,15208.0,37
931,17306,17306.0,37
932,14737,14737.0,37
933,13029,13029.0,37
934,16270,16270.0,37
935,13487,13487.0,37
936,12515,12515.0,20
937,17400,17400.0,37
938,17593,17593.0,37
939,13953,13953.0,37
940,14533,14533.0,37
941,12734,12734.0,14
942,14944,14944.0,37
943,17239,17239.0,37
944,14532,14532.0,37
945,12383,12383.0,4
946,15562,15562.0,37
947,15587,15587.0,37
948,13922,13922.0,37
949,13817,13817.0,15
950,12585,12585.0,15
951,13165,13165.0,37
952,13304,13304.0,37
953,13313,13313.0,37
954,16875,16875.0,37
955,16282,16282.0,37
956,12957,12957.0,37
957,14462,14462.0,37
958,13397,13397.0,37
959,13680,13680.0,37
960,12483,12483.0,33
961,15164,15164.0,37
962,17457,17457.0,37
963,14732,14732.0,37
964,14221,14221.0,37
965,14553,14553.0,37
966,13253,13253.0,37
967,17389,17389.0,37
968,12578,12578.0,20
969,15841,15841.0,37
970,16112,16112.0,37
971,13629,13629.0,37
972,16600,16600.0,37
973,15661,15661.0,37
974,16532,16532.0,37
975,15266,15266.0,37
976,14653,14653.0,37
977,16771,16771.0,37
978,17585,17585.0,37
979,15046,15046.0,37
980,13082,13082.0,37
981,15464,15464.0,37
982,18226,18226.0,37
983,18062,18062.0,37
984,12415,12415.0,1
985,12503,12503.0,32
986,17368,17368.0,37
987,14258,14258.0,37
988,15719,15719.0,37
989,13368,13368.0,37
990,17634,17634.0,37
991,16676,16676.0,37
992,16424,16424.0,37
993,18283,18283.0,37
994,12735,12735.0,14
995,13764,13764.0,37
996,13656,13656.0,37
997,12413,12413.0,14
998,14312,14312.0,37
999,13280,13280.0,37
1000,15845,15845.0,37
1001,16094,16094.0,37
1002,13187,13187.0,37
1003,16567,16567.0,37
1004,14828,14828.0,37
1005,12530,12530.0,15
1006,16551,16551.0,37
1007,16889,16889.0,37
1008,16473,16473.0,37
1009,13750,13750.0,37
1010,12501,12501.0,15
1011,15607,15607.0,37
1012,15139,15139.0,37
1013,12489,12489.0,14
1014,17707,17707.0,37
1015,18198,18198.0,37
1016,12484,12484.0,32
1017,18179,18179.0,37
1018,17284,17284.0,37
1019,13233,13233.0,37
1020,14889,14889.0,37
1021,12480,12480.0,15
1022,14672,14672.0,37
1023,13593,13593.0,37
1024,13162,13162.0,37
1025,13183,13183.0,37
1026,17095,17095.0,37
1027,12939,12939.0,37
1028,15611,15611.0,37
1029,17114,17114.0,37
1030,15059,15059.0,37
1031,16326,16326.0,37
1032,17128,17128.0,37
1033,14761,14761.0,37
1034,17555,17555.0,37
1035,12651,12651.0,14
1036,16735,16735.0,37
1037,16833,16833.0,37
1038,17800,17800.0,37
1039,16748,16748.0,37
1040,14755,14755.0,37
1041,16549,16549.0,37
1042,13565,13565.0,37
1043,15799,15799.0,37
1044,18032,18032.0,37
1045,13451,13451.0,37
1046,14794,14794.0,37
1047,12539,12539.0,32
1048,12500,12500.0,15
1049,18171,18171.0,37
1050,16279,16279.0,37
1051,UNKNOWN_Israel,,19
1052,12524,12524.0,15
1053,17811,17811.0,37
1054,16850,16850.0,37
1055,14321,14321.0,37
1056,15326,15326.0,37
1057,17849,17849.0,37
1058,13672,13672.0,37
1059,14229,14229.0,37
1060,13107,13107.0,37
1061,16497,16497.0,37
1062,16303,16303.0,37
1063,15281,15281.0,37
1064,12736,12736.0,14
1065,13473,13473.0,37
1066,14320,14320.0,37
1067,12393,12393.0,1
1068,17742,17742.0,37
1069,16351,16351.0,37
1070,12601,12601.0,15
1071,13144,13144.0,37
1072,15346,15346.0,37
1073,15370,15370.0,37
1074,12643,12643.0,14
1075,14295,14295.0,37
1076,16034,16034.0,37
1077,17365,17365.0,37
1078,15189,15189.0,37
1079,14669,14669.0,37
1080,18095,18095.0,37
1081,15518,15518.0,37
1082,15749,15749.0,37
1083,14209,14209.0,37
1084,15569,15569.0,37
1085,12728,12728.0,14
1086,17569,17569.0,37
1087,13784,13784.0,37
1088,12724,12724.0,14
1089,13862,13862.0,37
1090,16791,16791.0,37
1091,16235,16235.0,37
1092,14270,14270.0,37
1093,12665,12665.0,15
1094,12523,12523.0,14
1095,16655,16655.0,37
1096,16359,16359.0,37
1097,16554,16554.0,37
1098,12359,12359.0,8
1099,15939,15939.0,37
1100,14587,14587.0,37
1101,14715,14715.0,37
1102,14185,14185.0,37
1103,12437,12437.0,14
1104,14040,14040.0,37
1105,12652,12652.0,14
1106,14514,14514.0,37
1107,15171,15171.0,37
1108,14167,14167.0,37
1109,17048,17048.0,37
1110,17364,17364.0,37
1111,13284,13284.0,37
1112,16500,16500.0,37
1113,12951,12951.0,37
1114,15835,15835.0,37
1115,18190,18190.0,37
1116,13993,13993.0,37
1117,14114,14114.0,37
1118,15447,15447.0,37
1119,16315,16315.0,37
1120,14978,14978.0,37
1121,16395,16395.0,37
1122,15510,15510.0,37
1123,13614,13614.0,37
1124,13246,13246.0,37
1125,15687,15687.0,37
1126,16493,16493.0,37
1127,12490,12490.0,14
1128,12672,12672.0,14
1129,13385,13385.0,37
1130,15626,15626.0,37
1131,12553,12553.0,14
1132,15213,15213.0,37
1133,14175,14175.0,37
1134,18106,18106.0,37
1135,15033,15033.0,37
1136,14329,14329.0,37
1137,16401,16401.0,37
1138,16206,16206.0,37
1139,13782,13782.0,37
1140,12924,12924.0,37
1141,16593,16593.0,37
1142,13700,13700.0,37
1143,13064,13064.0,37
1144,13048,13048.0,37
1145,18069,18069.0,37
1146,13634,13634.0,37
1147,16843,16843.0,37
1148,17064,17064.0,37
1149,17609,17609.0,37
1150,15673,15673.0,37
1151,12626,12626.0,15
1152,14976,14976.0,37
1153,12388,12388.0,1
1154,13527,13527.0,37
1155,15696,15696.0,37
1156,15316,15316.0,37
1157,12673,12673.0,15
1158,15296,15296.0,37
1159,17988,17988.0,37
1160,12820,12820.0,37
1161,13001,13001.0,37
1162,14101,14101.0,37
1163,14238,14238.0,37
1164,17730,17730.0,37
1165,13929,13929.0,37
1166,14657,14657.0,37
1167,13859,13859.0,37
1168,18212,18212.0,37
1169,14292,14292.0,37
1170,13883,13883.0,37
1171,18233,18233.0,37
1172,17018,17018.0,37
1173,14242,14242.0,37
1174,12356,12356.0,28
1175,12346,12346.0,37
1176,13898,13898.0,37
1177,16948,16948.0,37
1178,16997,16997.0,37
1179,12527,12527.0,15
1180,15395,15395.0,37
1181,12510,12510.0,32
1182,13693,13693.0,37
1183,13263,13263.0,37
1184,14428,14428.0,37
1185,12451,12451.0,34
1186,12422,12422.0,1
1187,17708,17708.0,37
1188,14090,14090.0,37
1189,15606,15606.0,37
1190,15831,15831.0,37
1191,13310,13310.0,37
1192,14916,14916.0,37
1193,17602,17602.0,37
1194,14572,14572.0,37
1195,13502,13502.0,37
1196,14784,14784.0,37
1197,15938,15938.0,37
1198,12637,12637.0,14
1199,17418,17418.0,37
1200,14779,14779.0,37
1201,16321,16321.0,1
1202,15262,15262.0,37
1203,17862,17862.0,37
1204,16892,16892.0,37
1205,12402,12402.0,4
1206,17771,17771.0,37
1207,15422,15422.0,37
1208,14770,14770.0,37
1209,16912,16912.0,37
1210,15174,15174.0,37
1211,14895,14895.0,37
1212,12594,12594.0,20
1213,17504,17504.0,37
1214,16387,16387.0,37
1215,12664,12664.0,13
1216,16618,16618.0,37
1217,17277,17277.0,37
1218,14088,14088.0,37
1219,17094,17094.0,37
1220,14692,14692.0,37
1221,12970,12970.0,37
1222,17889,17889.0,37
1223,17644,17644.0,37
1224,17714,17714.0,37
1225,12916,12916.0,37
1226,17769,17769.0,37
1227,14450,14450.0,37
1228,16085,16085.0,37
1229,13659,13659.0,37
1230,15167,15167.0,37
1231,15443,15443.0,37
1232,14224,14224.0,37
1233,13742,13742.0,37
1234,17673,17673.0,37
1235,12727,12727.0,14
1236,14068,14068.0,37
1237,13068,13068.0,37
1238,14368,14368.0,37
1239,15497,15497.0,37
1240,12559,12559.0,15
1241,13819,13819.0,37
1242,14501,14501.0,37
1243,14782,14782.0,37
1244,17861,17861.0,37
1245,14439,14439.0,16
1246,18161,18161.0,37
1247,15820,15820.0,37
1248,18136,18136.0,37
1249,16660,16660.0,37
1250,12693,12693.0,15
1251,12625,12625.0,15
1252,13396,13396.0,37
1253,12935,12935.0,37
1254,16730,16730.0,37
1255,14541,14541.0,37
1256,UNKNOWN_Hong Kong,,17
1257,13551,13551.0,37
1258,12421,12421.0,32
1259,15797,15797.0,37
1260,15052,15052.0,37
1261,14130,14130.0,37
1262,15222,15222.0,37
1263,13615,13615.0,37
1264,13901,13901.0,37
1265,13158,13158.0,37
1266,14257,14257.0,37
1267,15218,15218.0,37
1268,15110,15110.0,37
1269,14534,14534.0,37
1270,15967,15967.0,37
1271,16757,16757.0,37
1272,12854,12854.0,37
1273,13815,13815.0,15
1274,18008,18008.0,37
1275,18277,18277.0,37
1276,14389,14389.0,37
1277,13703,13703.0,37
1278,15339,15339.0,37
1279,12744,12744.0,31
1280,16222,16222.0,37
1281,14341,14341.0,37
1282,13168,13168.0,37
1283,16943,16943.0,37
1284,17515,17515.0,37
1285,17082,17082.0,37
1286,14248,14248.0,37
1287,12609,12609.0,15
1288,13002,13002.0,37
1289,16133,16133.0,37
1290,13049,13049.0,37
1291,14548,14548.0,37
1292,13405,13405.0,37
1293,14049,14049.0,37
1294,16043,16043.0,37
1295,15812,15812.0,37
1296,13837,13837.0,37
1297,17118,17118.0,37
1298,14616,14616.0,37
1299,14233,14233.0,37
1300,17075,17075.0,37
1301,16714,16714.0,37
1302,13098,13098.0,37
1303,17027,17027.0,37
1304,12591,12591.0,20
1305,17786,17786.0,37
1306,16124,16124.0,37
1307,16409,16409.0,37
1308,13754,13754.0,37
1309,15227,15227.0,37
1310,12997,12997.0,37
1311,15215,15215.0,37
1312,16918,16918.0,37
1313,16882,16882.0,37
1314,14442,14442.0,7
1315,16496,16496.0,37
1316,12764,12764.0,22
1317,17311,17311.0,37
1318,15910,15910.0,37
1319,16949,16949.0,37
1320,14970,14970.0,37
1321,14701,14701.0,37
1322,12645,12645.0,15
1323,12468,12468.0,15
1324,16767,16767.0,37
1325,14738,14738.0,37
1326,17540,17540.0,37
1327,14239,14239.0,37
1328,18125,18125.0,37
1329,13328,13328.0,37
1330,15549,15549.0,37
1331,15864,15864.0,37
1332,14662,14662.0,37
1333,17180,17180.0,37
1334,15057,15057.0,37
1335,12574,12574.0,14
1336,13330,13330.0,37
1337,13552,13552.0,37
1338,12853,12853.0,37
1339,13538,13538.0,37
1340,16755,16755.0,37
1341,14133,14133.0,37
1342,16523,16523.0,37
1343,14659,14659.0,37
1344,13141,13141.0,37
1345,15365,15365.0,37
1346,13707,13707.0,37
1347,13709,13709.0,37
1348,17329,17329.0,37
1349,14805,14805.0,37
1350,16897,16897.0,37
1351,15579,15579.0,37
1352,14595,14595.0,37
1353,13161,13161.0,37
1354,15415,15415.0,37
1355,17431,17431.0,37
1356,17463,17463.0,37
1357,14502,14502.0,37
1358,12528,12528.0,15
1359,15448,15448.0,37
1360,17314,17314.0,37
1361,17373,17373.0,37
1362,18145,18145.0,37
1363,14467,14467.0,37
1364,12908,12908.0,37
1365,15144,15144.0,37
1366,14776,14776.0,37
1367,16403,16403.0,37
1368,16407,16407.0,37
1369,17619,17619.0,37
1370,12778,12778.0,25
1371,17256,17256.0,37
1372,17604,17604.0,37
1373,14006,14006.0,37
1374,13600,13600.0,37
1375,15058,15058.0,37
1376,17147,17147.0,37
1377,13881,13881.0,37
1378,16612,16612.0,37
1379,14627,14627.0,37
1380,17356,17356.0,37
1381,12477,12477.0,15
1382,12836,12836.0,37
1383,13939,13939.0,37
1384,16745,16745.0,37
1385,13606,13606.0,37
1386,13494,13494.0,37
1387,12929,12929.0,37
1388,16419,16419.0,37
1389,17035,17035.0,37
1390,15203,15203.0,37
1391,16515,16515.0,37
1392,12373,12373.0,2
1393,18202,18202.0,37
1394,12775,12775.0,25
1395,14549,14549.0,37
1396,15981,15981.0,37
1397,16110,16110.0,37
1398,17376,17376.0,37
1399,13110,13110.0,37
1400,16716,16716.0,37
1401,12676,12676.0,33
1402,15940,15940.0,37
1403,15971,15971.0,37
1404,14665,14665.0,37
1405,14457,14457.0,37
1406,15589,15589.0,37
1407,14411,14411.0,37
1408,17560,17560.0,37
1409,15226,15226.0,37
1410,14460,14460.0,37
1411,16156,16156.0,37
1412,13728,13728.0,37
1413,14127,14127.0,37
1414,16378,16378.0,37
1415,13894,13894.0,37
1416,13824,13824.0,37
1417,18250,18250.0,37
1418,15270,15270.0,37
1419,14188,14188.0,37
1420,18017,18017.0,37
1421,15421,15421.0,37
1422,17446,17446.0,37
1423,12414,12414.0,2
1424,14798,14798.0,37
1425,12990,12990.0,37
1426,12350,12350.0,26
1427,16992,16992.0,37
1428,17337,17337.0,37
1429,16405,16405.0,37
1430,17071,17071.0,37
1431,13873,13873.0,37
1432,17362,17362.0,37
1433,13394,13394.0,37
1434,12502,12502.0,32
1435,16333,16333.0,37
1436,16030,16030.0,37
1437,14044,14044.0,37
1438,13800,13800.0,37
1439,17672,17672.0,37
1440,12464,12464.0,4
1441,13581,13581.0,37
1442,14540,14540.0,37
1443,13539,13539.0,37
1444,15885,15885.0,37
1445,14497,14497.0,37
1446,17507,17507.0,37
1447,13208,13208.0,37
1448,17334,17334.0,37
1449,13871,13871.0,37
1450,16938,16938.0,37
1451,12754,12754.0,21
1452,12410,12410.0,34
1453,17929,17929.0,37
1454,14778,14778.0,37
1455,17517,17517.0,37
1456,17226,17226.0,37
1457,13137,13137.0,37
1458,13725,13725.0,37
1459,13309,13309.0,37
1460,12842,12842.0,37
1461,16109,16109.0,37
1462,17291,17291.0,37
1463,15090,15090.0,37
1464,15199,15199.0,37
1465,13911,13911.0,37
1466,14194,14194.0,37
1467,14842,14842.0,37
1468,13584,13584.0,37
1469,17105,17105.0,37
1470,14438,14438.0,37
1471,12956,12956.0,37
1472,15781,15781.0,37
1473,14410,14410.0,37
1474,14600,14600.0,37
1475,17302,17302.0,37
1476,17613,17613.0,37
1477,13334,13334.0,37
1478,13955,13955.0,37
1479,17162,17162.0,37
1480,17774,17774.0,37
1481,13809,13809.0,8
1482,15407,15407.0,37
1483,15577,15577.0,37
1484,16332,16332.0,37
1485,14048,14048.0,37
1486,14475,14475.0,37
1487,17859,17859.0,37
1488,12576,12576.0,27
1489,15753,15753.0,37
1490,12599,12599.0,14
1491,14562,14562.0,37
1492,16951,16951.0,37
1493,16998,16998.0,37
1494,13133,13133.0,37
1495,17881,17881.0,37
1496,15843,15843.0,37
1497,17083,17083.0,37
1498,15970,15970.0,37
1499,13590,13590.0,37
1500,17537,17537.0,37
1501,12401,12401.0,4
1502,12462,12462.0,32
1503,17843,17843.0,37
1504,13706,13706.0,37
1505,17940,17940.0,37
1506,17686,17686.0,37
1507,14431,14431.0,37
1508,15809,15809.0,37
1509,12561,12561.0,15
1510,14465,14465.0,37
1511,18093,18093.0,37
1512,16027,16027.0,37
1513,12857,12857.0,37
1514,16425,16425.0,37
1515,16842,16842.0,37
1516,15796,15796.0,37
1517,14555,14555.0,37
1518,15114,15114.0,37
1519,15133,15133.0,37
1520,17705,17705.0,37
1521,18087,18087.0,37
1522,12897,12897.0,37
1523,17512,17512.0,37
1524,15550,15550.0,37
1525,14676,14676.0,37
1526,12505,12505.0,20
1527,18159,18159.0,37
1528,14304,14304.0,37
1529,15638,15638.0,37
1530,12943,12943.0,37
1531,13875,13875.0,37
1532,15406,15406.0,37
1533,18084,18084.0,37
1534,17282,17282.0,37
1535,16434,16434.0,37
1536,17050,17050.0,37
1537,13171,13171.0,37
1538,17472,17472.0,37
1539,17255,17255.0,37
1540,16084,16084.0,37
1541,17667,17667.0,37
1542,12507,12507.0,32
1543,14631,14631.0,37
1544,13381,13381.0,37
1545,15236,15236.0,37
1546,13475,13475.0,37
1547,17829,17829.0,36
1548,13717,13717.0,37
1549,13157,13157.0,37
1550,14644,14644.0,37
1551,12993,12993.0,37
1552,17571,17571.0,37
1553,16979,16979.0,37
1554,16738,16738.0,37
1555,15122,15122.0,37
1556,17612,17612.0,37
1557,17348,17348.0,37
1558,13893,13893.0,37
1559,14035,14035.0,37
1560,13623,13623.0,37
1561,14346,14346.0,37
1562,16431,16431.0,37
1563,12616,12616.0,14
1564,16317,16317.0,37
1565,14935,14935.0,7
1566,16073,16073.0,37
1567,14477,14477.0,37
1568,14760,14760.0,37
1569,14897,14897.0,37
1570,15810,15810.0,37
1571,16509,16509.0,37
1572,14386,14386.0,37
1573,12455,12455.0,8
1574,14530,14530.0,37
1575,15670,15670.0,37
1576,12653,12653.0,19
1577,16126,16126.0,37
1578,14609,14609.0,37
1579,13414,13414.0,37
1580,12823,12823.0,37
1581,12352,12352.0,26
1582,12372,12372.0,10
1583,16494,16494.0,37
1584,14959,14959.0,37
1585,16148,16148.0,37
1586,17422,17422.0,37
1587,17175,17175.0,37
1588,18257,18257.0,37
1589,12431,12431.0,4
1590,12362,12362.0,4
1591,13018,13018.0,37
1592,13718,13718.0,37
1593,15382,15382.0,37
1594,14754,14754.0,37
1595,13151,13151.0,37
1596,12654,12654.0,15
1597,13085,13085.0,37
1598,15903,15903.0,37
1599,15785,15785.0,37
1600,18138,18138.0,37
1601,14379,14379.0,37
1602,14211,14211.0,37
1603,14371,14371.0,37
1604,13425,13425.0,37
1605,12852,12852.0,37
1606,15228,15228.0,37
1607,13012,13012.0,37
1608,16182,16182.0,37
1609,13489,13489.0,37
1610,12714,12714.0,14
1611,13904,13904.0,37
1612,15755,15755.0,37
1613,13932,13932.0,37
1614,13799,13799.0,37
1615,13951,13951.0,37
1616,16765,16765.0,37
1617,18172,18172.0,37
1618,16566,16566.0,37
1619,12891,12891.0,37
1620,16466,16466.0,37
1621,16115,16115.0,37
1622,14162,14162.0,37
1623,13301,13301.0,37
1624,14803,14803.0,37
1625,13744,13744.0,37
1626,12988,12988.0,37
1627,17323,17323.0,37
1628,12707,12707.0,14
1629,18094,18094.0,37
1630,15129,15129.0,37
1631,17361,17361.0,37
1632,18155,18155.0,37
1633,15321,15321.0,37
1634,13477,13477.0,37
1635,15065,15065.0,37
1636,16980,16980.0,37
1637,15146,15146.0,37
1638,12365,12365.0,8
1639,13410,13410.0,37
1640,13044,13044.0,37
1641,16441,16441.0,37
1642,16014,16014.0,37
1643,14520,14520.0,37
1644,17994,17994.0,37
1645,13038,13038.0,37
1646,17002,17002.0,37
1647,15722,15722.0,37
1648,16349,16349.0,37
1649,16913,16913.0,37
1650,18114,18114.0,37
1651,15303,15303.0,37
1652,12845,12845.0,37
1653,18188,18188.0,37
1654,16045,16045.0,37
1655,16573,16573.0,37
1656,13421,13421.0,37
1657,18196,18196.0,37
1658,13285,13285.0,37
1659,13184,13184.0,37
1660,18151,18151.0,37
1661,13804,13804.0,37
1662,17499,17499.0,37
1663,15397,15397.0,37
1664,14276,14276.0,37
1665,13453,13453.0,37
1666,16394,16394.0,37
1667,17711,17711.0,37
1668,13865,13865.0,37
1669,16940,16940.0,37
1670,14289,14289.0,37
1671,16208,16208.0,37
1672,17063,17063.0,37
1673,13149,13149.0,37
1674,18068,18068.0,37
1675,15932,15932.0,37
1676,16692,16692.0,37
1677,15590,15590.0,37
1678,17171,17171.0,37
1679,18231,18231.0,37
1680,14004,14004.0,37
1681,17139,17139.0,37
1682,14513,14513.0,37
1683,13118,13118.0,37
1684,15974,15974.0,37
1685,17830,17830.0,37
1686,12565,12565.0,30
1687,12582,12582.0,13
1688,14231,14231.0,37
1689,17867,17867.0,37
1690,14880,14880.0,37
1691,15121,15121.0,37
1692,17117,17117.0,37
1693,12945,12945.0,37
1694,18056,18056.0,37
1695,16072,16072.0,37
1696,16838,16838.0,37
1697,15543,15543.0,37
1698,13751,13751.0,37
1699,15847,15847.0,37
1700,13851,13851.0,37
1701,13501,13501.0,34
1702,12633,12633.0,15
1703,13345,13345.0,37
1704,13870,13870.0,37
1705,17034,17034.0,37
1706,16592,16592.0,37
1707,15712,15712.0,37
1708,13362,13362.0,37
1709,14470,14470.0,37
1710,17388,17388.0,37
1711,16841,16841.0,37
1712,13753,13753.0,37
1713,13666,13666.0,37
1714,12361,12361.0,4
1715,14481,14481.0,37
1716,13792,13792.0,37
1717,17663,17663.0,37
1718,13973,13973.0,37
1719,15990,15990.0,37
1720,13493,13493.0,34
1721,13684,13684.0,37
1722,13261,13261.0,37
1723,16598,16598.0,37
1724,14147,14147.0,37
1725,15951,15951.0,37
1726,13971,13971.0,37
1727,17516,17516.0,37
1728,13630,13630.0,37
1729,14157,14157.0,37
1730,13636,13636.0,37
1731,13610,13610.0,37
1732,14745,14745.0,37
1733,12781,12781.0,9
1734,14036,14036.0,37
1735,16057,16057.0,37
1736,15724,15724.0,37
1737,12458,12458.0,34
1738,12598,12598.0,14
1739,13675,13675.0,37
1740,14227,14227.0,37
1741,16668,16668.0,37
1742,16667,16667.0,37
1743,13509,13509.0,37
1744,15874,15874.0,37
1745,16187,16187.0,37
1746,16339,16339.0,37
1747,12509,12509.0,14
1748,14046,14046.0,37
1749,13292,13292.0,37
1750,16427,16427.0,37
1751,14056,14056.0,37
1752,15656,15656.0,37
1753,12811,12811.0,28
1754,16518,16518.0,37
1755,17165,17165.0,37
1756,17462,17462.0,37
1757,14620,14620.0,37
1758,14740,14740.0,37
1759,16462,16462.0,37
1760,12428,12428.0,13
1761,16078,16078.0,37
1762,16915,16915.0,37
1763,15676,15676.0,37
1764,15709,15709.0,37
1765,15241,15241.0,37
1766,12933,12933.0,37
1767,15092,15092.0,37
1768,12679,12679.0,14
1769,15319,15319.0,37
1770,16212,16212.0,37
1771,15257,15257.0,37
1772,14656,14656.0,37
1773,13884,13884.0,37
1774,12866,12866.0,4
1775,13166,13166.0,37
1776,16389,16389.0,37
1777,15416,15416.0,37
1778,15733,15733.0,37
1779,16678,16678.0,37
1780,12834,12834.0,37
1781,13722,13722.0,37
1782,14934,14934.0,7
1783,15067,15067.0,37
1784,16128,16128.0,37
1785,17770,17770.0,37
1786,15622,15622.0,37
1787,14473,14473.0,37
1788,15104,15104.0,37
1789,15643,15643.0,37
1790,16792,16792.0,37
1791,15031,15031.0,37
1792,15636,15636.0,37
1793,12873,12873.0,37
1794,17923,17923.0,37
1795,16217,16217.0,37
1796,17738,17738.0,37
1797,17426,17426.0,37
1798,16957,16957.0,37
1799,16571,16571.0,37
1800,14483,14483.0,37
1801,15087,15087.0,37
1802,16709,16709.0,37
1803,17856,17856.0,37
1804,15053,15053.0,37
1805,18218,18218.0,37
1806,16159,16159.0,37
1807,17995,17995.0,37
1808,17374,17374.0,37
1809,17789,17789.0,37
1810,17416,17416.0,37
1811,17652,17652.0,37
1812,13476,13476.0,37
1813,12817,12817.0,2
1814,15393,15393.0,37
1815,13014,13014.0,37
1816,17508,17508.0,16
1817,13931,13931.0,37
1818,12541,12541.0,32
1819,13382,13382.0,37
1820,15220,15220.0,37
1821,14570,14570.0,37
1822,14447,14447.0,37
1823,13557,13557.0,37
1824,16449,16449.0,37
1825,12547,12547.0,32
1826,17325,17325.0,37
1827,14995,14995.0,37
1828,16414,16414.0,37
1829,15681,15681.0,37
1830,14670,14670.0,37
1831,15675,15675.0,37
1832,12584,12584.0,20
1833,17535,17535.0,37
1834,15400,15400.0,37
1835,14903,14903.0,37
1836,14499,14499.0,37
1837,18211,18211.0,37
1838,14504,14504.0,37
1839,15572,15572.0,37
1840,17107,17107.0,37
1841,14247,14247.0,37
1842,15554,15554.0,37
1843,14915,14915.0,37
1844,16136,16136.0,37
1845,18280,18280.0,37
1846,12614,12614.0,15
1847,13344,13344.0,37
1848,16621,16621.0,37
1849,16225,16225.0,37
1850,14214,14214.0,37
1851,14012,14012.0,37
1852,16356,16356.0,37
1853,17654,17654.0,37
1854,15026,15026.0,37
1855,16517,16517.0,37
1856,14817,14817.0,37
1857,17092,17092.0,37
1858,16242,16242.0,37
1859,15869,15869.0,37
1860,17817,17817.0,37
1861,15234,15234.0,37
1862,15764,15764.0,37
1863,15806,15806.0,37
1864,15819,15819.0,37
1865,14586,14586.0,37
1866,15944,15944.0,37
1867,13340,13340.0,37
1868,16917,16917.0,37
1869,14407,14407.0,37
1870,13908,13908.0,37
1871,12758,12758.0,28
1872,13975,13975.0,37
1873,14730,14730.0,37
1874,12623,12623.0,15
1875,14367,14367.0,37
1876,13373,13373.0,37
1877,16712,16712.0,37
1878,17639,17639.0,37
1879,16426,16426.0,37
1880,16495,16495.0,37
1881,14336,14336.0,37
1882,14507,14507.0,37
1883,12759,12759.0,25
1884,17049,17049.0,37
1885,15206,15206.0,37
1886,14013,14013.0,37
1887,14645,14645.0,37
1888,15071,15071.0,37
1889,14112,14112.0,37
1890,13026,13026.0,37
1891,12881,12881.0,37
1892,17864,17864.0,37
1893,14936,14936.0,7
1894,17138,17138.0,37
1895,16572,16572.0,37
1896,14165,14165.0,37
1897,15367,15367.0,37
1898,14291,14291.0,37
1899,15632,15632.0,37
1900,14297,14297.0,37
1901,13899,13899.0,37
1902,16471,16471.0,37
1903,18183,18183.0,37
1904,14603,14603.0,37
1905,18173,18173.0,37
1906,14854,14854.0,37
1907,16625,16625.0,37
1908,14064,14064.0,37
1909,15308,15308.0,37
1910,18086,18086.0,37
1911,14350,14350.0,37
1912,14930,14930.0,7
1913,16080,16080.0,37
1914,14727,14727.0,37
1915,16778,16778.0,37
1916,14077,14077.0,37
1917,16808,16808.0,37
1918,16475,16475.0,37
1919,13265,13265.0,37
1920,12520,12520.0,15
1921,15049,15049.0,37
1922,18149,18149.0,37
1923,13654,13654.0,37
1924,16652,16652.0,37
1925,16766,16766.0,37
1926,16801,16801.0,37
1927,17164,17164.0,37
1928,13226,13226.0,37
1929,13043,13043.0,37
1930,14352,14352.0,37
1931,17351,17351.0,37
1932,16768,16768.0,37
1933,16693,16693.0,37
1934,13956,13956.0,37
1935,13708,13708.0,37
1936,15918,15918.0,37
1937,15671,15671.0,37
1938,14962,14962.0,37
1939,16807,16807.0,37
1940,15125,15125.0,37
1941,16871,16871.0,37
1942,12901,12901.0,37
1943,13452,13452.0,37
1944,15493,15493.0,37
1945,16005,16005.0,37
1946,15388,15388.0,6
1947,16804,16804.0,37
1948,13499,13499.0,37
1949,15047,15047.0,37
1950,14193,14193.0,37
1951,17542,17542.0,37
1952,17080,17080.0,37
1953,16392,16392.0,37
1954,15106,15106.0,37
1955,16214,16214.0,37
1956,13716,13716.0,37
1957,15150,15150.0,37
1958,16061,16061.0,37
1959,14226,14226.0,37
1960,13121,13121.0,37
1961,16297,16297.0,37
1962,12994,12994.0,37
1963,16152,16152.0,37
1964,14636,14636.0,37
1965,16040,16040.0,37
1966,15793,15793.0,37
1967,13358,13358.0,37
1968,12849,12849.0,37
1969,15182,15182.0,37
1970,13299,13299.0,37
1971,16383,16383.0,37
1972,15381,15381.0,37
1973,12597,12597.0,32
1974,15030,15030.0,37
1975,12435,12435.0,10
1976,12955,12955.0,37
1977,18189,18189.0,37
1978,13946,13946.0,37
1979,17716,17716.0,37
1980,13185,13185.0,37
1981,14840,14840.0,37
1982,13216,13216.0,37
1983,13650,13650.0,37
1984,13533,13533.0,37
1985,13268,13268.0,37
1986,15433,15433.0,37
1987,12937,12937.0,37
1988,17603,17603.0,37
1989,16216,16216.0,37
1990,16377,16377.0,37
1991,16976,16976.0,37
1992,12514,12514.0,20
1993,18210,18210.0,37
1994,13631,13631.0,37
1995,14422,14422.0,37
1996,15648,15648.0,37
1997,17725,17725.0,37
1998,15861,15861.0,37
1999,13072,13072.0,37
2000,15695,15695.0,37
2001,14110,14110.0,37
2002,14059,14059.0,37
2003,16672,16672.0,37
2004,16511,16511.0,37
2005,16256,16256.0,37
2006,13591,13591.0,37
2007,14066,14066.0,37
2008,15483,15483.0,37
2009,16626,16626.0,37
2010,15019,15019.0,37
2011,18270,18270.0,37
2012,14315,14315.0,37
2013,17921,17921.0,37
2014,14041,14041.0,37
2015,17060,17060.0,37
2016,16023,16023.0,37
2017,17133,17133.0,37
2018,12878,12878.0,37
2019,14155,14155.0,37
2020,17043,17043.0,37
2021,13046,13046.0,37
2022,14633,14633.0,37
2023,12948,12948.0,37
2024,15703,15703.0,37
2025,14071,14071.0,37
2026,17134,17134.0,37
2027,17795,17795.0,37
2028,12902,12902.0,37
2029,16444,16444.0,37
2030,14232,14232.0,37
2031,14693,14693.0,37
2032,12407,12407.0,4
2033,16728,16728.0,37
2034,16096,16096.0,37
2035,13985,13985.0,37
2036,13592,13592.0,37
2037,15140,15140.0,37
2038,12843,12843.0,37
2039,14408,14408.0,37
2040,15408,15408.0,37
2041,15445,15445.0,37
2042,15452,15452.0,37
2043,14223,14223.0,37
2044,16619,16619.0,37
2045,14762,14762.0,37
2046,13934,13934.0,37
2047,15669,15669.0,37
2048,16384,16384.0,37
2049,18224,18224.0,37
2050,14245,14245.0,37
2051,17678,17678.0,37
2052,15855,15855.0,37
2053,16036,16036.0,37
2054,17763,17763.0,37
2055,13262,13262.0,37
2056,17152,17152.0,37
2057,14632,14632.0,37
2058,13900,13900.0,37
2059,14875,14875.0,37
2060,15132,15132.0,37
2061,17272,17272.0,37
2062,16135,16135.0,37
2063,12831,12831.0,37
2064,15437,15437.0,37
2065,16809,16809.0,37
2066,14711,14711.0,37
2067,14377,14377.0,37
2068,16374,16374.0,37
2069,13196,13196.0,37
2070,15457,15457.0,37
2071,12613,12613.0,15
2072,16721,16721.0,37
2073,12399,12399.0,4
2074,17733,17733.0,37
2075,17102,17102.0,37
2076,15410,15410.0,37
2077,13239,13239.0,37
2078,15449,15449.0,37
2079,14870,14870.0,37
2080,13821,13821.0,37
2081,17096,17096.0,37
2082,12604,12604.0,14
2083,12818,12818.0,2
2084,18191,18191.0,37
2085,14461,14461.0,37
2086,13132,13132.0,37
2087,16859,16859.0,37
2088,15245,15245.0,37
2089,17486,17486.0,37
2090,16308,16308.0,37
2091,12564,12564.0,14
2092,14607,14607.0,37
2093,13249,13249.0,37
2094,15644,15644.0,37
2095,14075,14075.0,37
2096,17250,17250.0,37
2097,17966,17966.0,37
2098,14129,14129.0,37
2099,15651,15651.0,37
2100,13035,13035.0,37
2101,13341,13341.0,37
2102,13512,13512.0,37
2103,16620,16620.0,37
2104,17698,17698.0,37
2105,14267,14267.0,37
2106,13736,13736.0,37
2107,16022,16022.0,37
2108,14235,14235.0,37
2109,16769,16769.0,37
2110,17754,17754.0,37
2111,12408,12408.0,4
2112,16063,16063.0,37
2113,15178,15178.0,37
2114,14348,14348.0,37
2115,15815,15815.0,37
2116,13695,13695.0,37
2117,17979,17979.0,37
2118,13139,13139.0,37
2119,12545,12545.0,32
2120,14758,14758.0,37
2121,14536,14536.0,37
2122,13662,13662.0,37
2123,17946,17946.0,37
2124,13743,13743.0,37
2125,18078,18078.0,37
2126,16780,16780.0,37
2127,18273,18273.0,37
2128,15045,15045.0,37
2129,17625,17625.0,37
2130,13357,13357.0,37
2131,16777,16777.0,37
2132,14476,14476.0,37
2133,16245,16245.0,37
2134,12669,12669.0,14
2135,12792,12792.0,28
2136,17765,17765.0,37
2137,15083,15083.0,37
2138,18010,18010.0,37
2139,15249,15249.0,37
2140,13760,13760.0,37
2141,15624,15624.0,37
2142,17749,17749.0,37
2143,15068,15068.0,37
2144,14538,14538.0,37
2145,14851,14851.0,37
2146,14021,14021.0,37
2147,13037,13037.0,37
2148,18177,18177.0,37
2149,14128,14128.0,37
2150,17874,17874.0,37
2151,17719,17719.0,37
2152,17931,17931.0,37
2153,13803,13803.0,37
2154,17398,17398.0,37
2155,15906,15906.0,37
2156,16253,16253.0,37
2157,13439,13439.0,37
2158,12888,12888.0,37
2159,13588,13588.0,37
2160,12456,12456.0,34
2161,15521,15521.0,37
2162,13720,13720.0,37
2163,15674,15674.0,37
2164,17594,17594.0,37
2165,17775,17775.0,37
2166,13988,13988.0,37
2167,16657,16657.0,37
2168,15424,15424.0,37
2169,13316,13316.0,37
2170,16788,16788.0,37
2171,16584,16584.0,37
2172,15364,15364.0,37
2173,18108,18108.0,37
2174,14272,14272.0,37
2175,15980,15980.0,37
2176,15832,15832.0,37
2177,16092,16092.0,37
2178,15528,15528.0,37
2179,16398,16398.0,37
2180,17088,17088.0,37
2181,17438,17438.0,37
2182,13060,13060.0,37
2183,14790,14790.0,37
2184,14890,14890.0,37
2185,16386,16386.0,37
2186,14818,14818.0,37
2187,13571,13571.0,37
2188,12909,12909.0,37
2189,12619,12619.0,15
2190,16698,16698.0,37
2191,16681,16681.0,37
2192,13573,13573.0,37
2193,14957,14957.0,37
2194,13918,13918.0,37
2195,17212,17212.0,37
2196,17781,17781.0,37
2197,14886,14886.0,37
2198,13626,13626.0,37
2199,16609,16609.0,37
2200,16180,16180.0,37
2201,13462,13462.0,37
2202,18263,18263.0,37
2203,16960,16960.0,37
2204,13841,13841.0,37
2205,17701,17701.0,37
2206,12949,12949.0,37
2207,14852,14852.0,37
2208,12569,12569.0,15
2209,13169,13169.0,37
2210,16162,16162.0,37
2211,15691,15691.0,37
2212,14195,14195.0,37
2213,13781,13781.0,37
2214,17758,17758.0,37
2215,14023,14023.0,37
2216,17669,17669.0,37
2217,16142,16142.0,37
2218,17648,17648.0,37
2219,13059,13059.0,37
2220,16224,16224.0,37
2221,15223,15223.0,37
2222,17886,17886.0,37
2223,13294,13294.0,37
2224,15289,15289.0,37
2225,18185,18185.0,37
2226,17956,17956.0,37
2227,15756,15756.0,37
2228,14747,14747.0,37
2229,14719,14719.0,37
2230,13015,13015.0,37
2231,16586,16586.0,37
2232,16105,16105.0,37
2233,14546,14546.0,37
2234,15442,15442.0,37
2235,16906,16906.0,37
2236,14535,14535.0,37
2237,16170,16170.0,37
2238,15244,15244.0,37
2239,16696,16696.0,37
2240,15145,15145.0,37
2241,17492,17492.0,37
2242,13525,13525.0,37
2243,17409,17409.0,37
2244,17783,17783.0,37
2245,13863,13863.0,37
2246,13515,13515.0,37
2247,15917,15917.0,37
2248,17440,17440.0,37
2249,17045,17045.0,37
2250,17140,17140.0,37
2251,15201,15201.0,37
2252,14964,14964.0,37
2253,16031,16031.0,37
2254,14403,14403.0,37
2255,17042,17042.0,37
2256,13771,13771.0,37
2257,17906,17906.0,37
2258,18272,18272.0,37
2259,16144,16144.0,37
2260,13731,13731.0,37
2261,12580,12580.0,15
2262,14912,14912.0,20
2263,15530,15530.0,37
2264,13950,13950.0,37
2265,13752,13752.0,37
2266,13892,13892.0,37
2267,14446,14446.0,37
2268,16209,16209.0,37
2269,15754,15754.0,37
2270,13712,13712.0,37
2271,15800,15800.0,37
2272,16469,16469.0,37
2273,13005,13005.0,37
2274,14981,14981.0,37
2275,17928,17928.0,37
2276,16261,16261.0,37
2277,17883,17883.0,37
2278,14619,14619.0,37
2279,13995,13995.0,37
2280,16643,16643.0,37
2281,14246,14246.0,37
2282,18040,18040.0,37
2283,16837,16837.0,37
2284,15119,15119.0,37
2285,16325,16325.0,37
2286,14924,14924.0,37
2287,15109,15109.0,37
2288,16623,16623.0,37
2289,12999,12999.0,37
2290,12717,12717.0,16
2291,13962,13962.0,37
2292,18036,18036.0,37
2293,14958,14958.0,37
2294,13562,13562.0,37
2295,15775,15775.0,37
2296,17054,17054.0,37
2297,17268,17268.0,37
2298,13548,13548.0,37
2299,13508,13508.0,37
2300,12447,12447.0,4
2301,13570,13570.0,37
2302,13232,13232.0,37
2303,18129,18129.0,37
2304,13632,13632.0,37
2305,15665,15665.0,37
2306,17550,17550.0,37
2307,15655,15655.0,37
2308,14286,14286.0,37
2309,16188,16188.0,37
2310,12656,12656.0,14
2311,15214,15214.0,37
2312,17574,17574.0,37
2313,15737,15737.0,37
2314,18080,18080.0,37
2315,14311,14311.0,37
2316,14339,14339.0,37
2317,12982,12982.0,37
2318,12701,12701.0,15
2319,12596,12596.0,32
2320,14273,14273.0,37
2321,12363,12363.0,38
2322,13549,13549.0,37
2323,15414,15414.0,37
2324,13203,13203.0,37
2325,14628,14628.0,37
2326,14326,14326.0,37
2327,15935,15935.0,37
2328,13655,13655.0,37
2329,12910,12910.0,37
2330,13577,13577.0,37
2331,15251,15251.0,37
2332,14111,14111.0,37
2333,17160,17160.0,37
2334,16172,16172.0,37
2335,17972,17972.0,37
2336,12463,12463.0,4
2337,14844,14844.0,37
2338,17278,17278.0,37
2339,15212,15212.0,37
2340,16729,16729.0,37
2341,14998,14998.0,37
2342,13484,13484.0,37
2343,16697,16697.0,37
2344,14931,14931.0,7
2345,18236,18236.0,37
2346,13740,13740.0,37
2347,16454,16454.0,37
2348,15230,15230.0,37
2349,15134,15134.0,37
2350,16309,16309.0,37
2351,13544,13544.0,37
2352,14262,14262.0,37
2353,13134,13134.0,37
2354,17589,17589.0,37
2355,16097,16097.0,37
2356,13122,13122.0,37
2357,16966,16966.0,37
2358,17746,17746.0,37
2359,16175,16175.0,37
2360,14834,14834.0,37
2361,16348,16348.0,37
2362,15147,15147.0,37
2363,16131,16131.0,37
2364,15813,15813.0,37
2365,17058,17058.0,37
2366,17704,17704.0,37
2367,16933,16933.0,37
2368,13772,13772.0,37
2369,16249,16249.0,37
2370,14198,14198.0,37
2371,13989,13989.0,37
2372,17930,17930.0,37
2373,14154,14154.0,37
2374,14482,14482.0,37
2375,14163,14163.0,37
2376,14105,14105.0,37
2377,17601,17601.0,37
2378,17142,17142.0,37
2379,13811,13811.0,15
2380,12457,12457.0,34
2381,15135,15135.0,37
2382,16806,16806.0,37
2383,13952,13952.0,37
2384,13120,13120.0,37
2385,12769,12769.0,5
2386,13516,13516.0,37
2387,14323,14323.0,37
2388,18079,18079.0,37
2389,12639,12639.0,33
2390,14700,14700.0,37
2391,15027,15027.0,37
2392,17367,17367.0,37
2393,18213,18213.0,37
2394,17029,17029.0,37
2395,13220,13220.0,37
2396,15985,15985.0,37
2397,16193,16193.0,37
2398,15172,15172.0,37
2399,13692,13692.0,37
2400,15745,15745.0,37
2401,17582,17582.0,37
2402,13474,13474.0,37
2403,17697,17697.0,37
2404,16639,16639.0,37
2405,16947,16947.0,37
2406,15491,15491.0,37
2407,16617,16617.0,37
2408,15265,15265.0,37
2409,16226,16226.0,37
2410,18009,18009.0,37
2411,16399,16399.0,37
2412,14623,14623.0,37
2413,15625,15625.0,37
2414,18064,18064.0,37
2415,15508,15508.0,37
2416,16628,16628.0,37
2417,13647,13647.0,37
2418,15594,15594.0,37
2419,13479,13479.0,37
2420,13735,13735.0,37
2421,13376,13376.0,37
2422,15717,15717.0,37
2423,13719,13719.0,37
2424,16633,16633.0,37
2425,13101,13101.0,37
2426,15225,15225.0,37
2427,14152,14152.0,37
2428,12733,12733.0,35
2429,15436,15436.0,37
2430,17217,17217.0,37
2431,17734,17734.0,37
2432,14905,14905.0,37
2433,14148,14148.0,37
2434,16103,16103.0,37
2435,14626,14626.0,37
2436,14868,14868.0,37
2437,18246,18246.0,37
2438,13485,13485.0,37
2439,15517,15517.0,37
2440,17115,17115.0,37
2441,17120,17120.0,37
2442,16611,16611.0,37
2443,15912,15912.0,37
2444,12506,12506.0,14
2445,12670,12670.0,14
2446,17588,17588.0,37
2447,14759,14759.0,37
2448,16185,16185.0,37
2449,13505,13505.0,34
2450,13389,13389.0,37
2451,12354,12354.0,32
2452,17631,17631.0,37
2453,17061,17061.0,37
2454,17718,17718.0,37
2455,17630,17630.0,37
2456,13223,13223.0,37
2457,16146,16146.0,37
2458,17109,17109.0,37
2459,16587,16587.0,37
2460,12622,12622.0,15
2461,16750,16750.0,37
2462,13482,13482.0,37
2463,14512,14512.0,37
2464,17670,17670.0,37
2465,16834,16834.0,37
2466,15108,15108.0,12
2467,12429,12429.0,2
2468,16942,16942.0,37
2469,14640,14640.0,37
2470,16823,16823.0,37
2471,15237,15237.0,37
2472,12573,12573.0,14
2473,17854,17854.0,37
2474,18220,18220.0,37
2475,17436,17436.0,37
2476,16965,16965.0,37
2477,12840,12840.0,37
2478,15891,15891.0,37
2479,17187,17187.0,37
2480,13637,13637.0,37
2481,17991,17991.0,37
2482,16418,16418.0,37
2483,16099,16099.0,37
2484,15768,15768.0,37
2485,16637,16637.0,37
2486,14240,14240.0,37
2487,15143,15143.0,37
2488,13229,13229.0,37
2489,14973,14973.0,37
2490,14271,14271.0,37
2491,15952,15952.0,37
2492,12417,12417.0,32
2493,16227,16227.0,37
2494,17893,17893.0,37
2495,14022,14022.0,37
2496,15210,15210.0,37
2497,16370,16370.0,37
2498,15376,15376.0,37
2499,14655,14655.0,37
2500,17615,17615.0,37
2501,16055,16055.0,37
2502,14149,14149.0,37
2503,17501,17501.0,37
2504,14191,14191.0,37
2505,13282,13282.0,37
2506,15582,15582.0,37
2507,16230,16230.0,37
2508,18146,18146.0,37
2509,15976,15976.0,37
2510,17443,17443.0,6
2511,12886,12886.0,37
2512,17974,17974.0,37
2513,13524,13524.0,37
2514,17955,17955.0,37
2515,15128,15128.0,37
2516,16610,16610.0,37
2517,17394,17394.0,37
2518,14173,14173.0,37
2519,16258,16258.0,37
2520,14948,14948.0,37
2521,17384,17384.0,37
2522,16990,16990.0,37
2523,13762,13762.0,37
2524,12593,12593.0,14
2525,14340,14340.0,37
2526,17429,17429.0,37
2527,13711,13711.0,37
2528,14515,14515.0,37
2529,16457,16457.0,37
2530,17527,17527.0,37
2531,14199,14199.0,37
2532,13888,13888.0,37
2533,14423,14423.0,37
2534,14697,14697.0,37
2535,17522,17522.0,37
2536,13867,13867.0,37
2537,17624,17624.0,37
2538,14393,14393.0,37
2539,17578,17578.0,37
2540,13450,13450.0,37
2541,17423,17423.0,37
2542,18241,18241.0,37
2543,15668,15668.0,37
2544,16319,16319.0,37
2545,15757,15757.0,37
2546,17174,17174.0,37
2547,13365,13365.0,37
2548,18227,18227.0,37
2549,14145,14145.0,37
2550,18235,18235.0,37
2551,13741,13741.0,37
2552,12394,12394.0,4
2553,16832,16832.0,37
2554,15258,15258.0,37
2555,15552,15552.0,37
2556,18170,18170.0,37
2557,13723,13723.0,37
2558,14005,14005.0,37
2559,15561,15561.0,37
2560,16121,16121.0,37
2561,18142,18142.0,37
2562,13642,13642.0,37
2563,15117,15117.0,37
2564,13561,13561.0,37
2565,15704,15704.0,37
2566,16007,16007.0,37
2567,16232,16232.0,37
2568,17410,17410.0,37
2569,13835,13835.0,37
2570,13427,13427.0,37
2571,14353,14353.0,37
2572,12700,12700.0,14
2573,13003,13003.0,37
2574,16756,16756.0,37
2575,13492,13492.0,34
2576,16440,16440.0,37
2577,18120,18120.0,37
2578,12355,12355.0,3
2579,17723,17723.0,37
2580,14699,14699.0,37
2581,12821,12821.0,37
2582,13055,13055.0,37
2583,13320,13320.0,37
2584,16357,16357.0,37
2585,18242,18242.0,37
2586,15865,15865.0,37
2587,17597,17597.0,37
2588,14397,14397.0,37
2589,13242,13242.0,37
2590,12684,12684.0,14
2591,14288,14288.0,37
2592,15063,15063.0,37
2593,12592,12592.0,15
2594,14591,14591.0,37
2595,13990,13990.0,37
2596,12749,12749.0,37
2597,16320,16320.0,38
2598,14691,14691.0,37
2599,16229,16229.0,37
2600,14920,14920.0,37
2601,17489,17489.0,37
2602,13404,13404.0,37
2603,15729,15729.0,37
2604,16644,16644.0,37
2605,14731,14731.0,37
2606,14277,14277.0,14
2607,15187,15187.0,37
2608,13052,13052.0,37
2609,18133,18133.0,37
2610,17664,17664.0,37
2611,14649,14649.0,37
2612,13235,13235.0,37
2613,14883,14883.0,37
2614,12976,12976.0,37
2615,14681,14681.0,37
2616,14421,14421.0,37
2617,16116,16116.0,37
2618,14988,14988.0,37
2619,15489,15489.0,37
2620,14364,14364.0,37
2621,16006,16006.0,37
2622,16184,16184.0,37
2623,17932,17932.0,37
2624,18221,18221.0,37
2625,12590,12590.0,15
2626,14853,14853.0,37
2627,17658,17658.0,37
2628,17764,17764.0,37
2629,14651,14651.0,37
2630,14000,14000.0,37
2631,13601,13601.0,37
2632,12757,12757.0,28
2633,17970,17970.0,37
2634,12770,12770.0,21
2635,15826,15826.0,37
2636,15907,15907.0,37
2637,12695,12695.0,14
2638,14342,14342.0,37
2639,14873,14873.0,37
2640,14689,14689.0,37
2641,15440,15440.0,37
2642,16076,16076.0,37
2643,15333,15333.0,37
2644,16283,16283.0,37
2645,17263,17263.0,37
2646,16877,16877.0,37
2647,12674,12674.0,14
2648,16642,16642.0,37
2649,12871,12871.0,37
2650,14038,14038.0,37
2651,14489,14489.0,37
2652,14888,14888.0,37
2653,17190,17190.0,37
2654,13456,13456.0,37
2655,17898,17898.0,37
2656,13976,13976.0,37
2657,16139,16139.0,37
2658,15730,15730.0,37
2659,16266,16266.0,37
2660,15123,15123.0,37
2661,17505,17505.0,37
2662,12690,12690.0,14
2663,16446,16446.0,37
2664,17556,17556.0,37
2665,14583,14583.0,37
2666,16818,16818.0,37
2667,13572,13572.0,37
2668,14009,14009.0,37
2669,13258,13258.0,37
2670,14463,14463.0,37
2671,13192,13192.0,37
2672,16987,16987.0,37
2673,13417,13417.0,37
2674,17047,17047.0,37
2675,15116,15116.0,37
2676,17469,17469.0,37
2677,16647,16647.0,37
2678,15630,15630.0,37
2679,17245,17245.0,37
2680,16008,16008.0,37
2681,17871,17871.0,37
2682,13529,13529.0,37
2683,12620,12620.0,14
2684,15599,15599.0,37
2685,16813,16813.0,37
2686,UNKNOWN_Unspecified,,38
2687,14859,14859.0,37
2688,16463,16463.0,37
2689,15791,15791.0,37
2690,13658,13658.0,37
2691,13887,13887.0,37
2692,12353,12353.0,3
2693,14551,14551.0,37
2694,17166,17166.0,37
2695,17926,17926.0,37
2696,13391,13391.0,37
2697,17455,17455.0,37
2698,13308,13308.0,37
2699,13856,13856.0,37
2700,13243,13243.0,37
2701,15095,15095.0,37
2702,18048,18048.0,37
2703,18287,18287.0,37
2704,18150,18150.0,37
2705,16690,16690.0,37
2706,13555,13555.0,37
2707,16038,16038.0,37
2708,13972,13972.0,37
2709,13227,13227.0,37
2710,13657,13657.0,37
2711,17176,17176.0,37
2712,14837,14837.0,37
2713,14682,14682.0,37
2714,14921,14921.0,37
2715,16341,16341.0,37
2716,14647,14647.0,37
2717,12710,12710.0,15
2718,15292,15292.0,37
2719,15705,15705.0,37
2720,13339,13339.0,37
2721,13885,13885.0,37
2722,12360,12360.0,2
2723,13546,13546.0,37
2724,17715,17715.0,37
2725,18160,18160.0,37
2726,15434,15434.0,37
2727,15734,15734.0,37
2728,13737,13737.0,37
2729,13213,13213.0,37
2730,18018,18018.0,37
2731,15314,15314.0,37
2732,17521,17521.0,37
2733,15042,15042.0,37
2734,12863,12863.0,37
2735,16091,16091.0,37
2736,15804,15804.0,37
2737,14593,14593.0,37
2738,14287,14287.0,37
2739,16763,16763.0,37
2740,14705,14705.0,37
2741,12562,12562.0,14
2742,12815,12815.0,27
2743,14522,14522.0,37
2744,16448,16448.0,37
2745,14584,14584.0,37
2746,12974,12974.0,37
2747,12987,12987.0,37
2748,14816,14816.0,37
2749,15852,15852.0,37
2750,16624,16624.0,37
2751,12493,12493.0,14
2752,18232,18232.0,37
2753,18073,18073.0,37
2754,16369,16369.0,37
2755,14280,14280.0,37
2756,13135,13135.0,37
2757,17345,17345.0,37
2758,16275,16275.0,37
2759,14338,14338.0,37
2760,15402,15402.0,37
2761,12876,12876.0,4
2762,16323,16323.0,37
2763,12426,12426.0,15
2764,14451,14451.0,37
2765,14823,14823.0,37
2766,15897,15897.0,37
2767,17051,17051.0,37
2768,15925,15925.0,37
2769,12787,12787.0,25
2770,15863,15863.0,37
2771,16483,16483.0,37
2772,13398,13398.0,37
2773,13070,13070.0,37
2774,14819,14819.0,37
2775,12790,12790.0,25
2776,15163,15163.0,37
2777,18204,18204.0,37
2778,15124,15124.0,37
2779,12473,12473.0,15
2780,16969,16969.0,37
2781,14597,14597.0,37
2782,13917,13917.0,37
2783,13062,13062.0,37
2784,16484,16484.0,37
2785,15184,15184.0,37
2786,18135,18135.0,37
2787,14453,14453.0,37
2788,17900,17900.0,37
2789,13437,13437.0,37
2790,12517,12517.0,15
2791,16529,16529.0,37
2792,17531,17531.0,37
2793,16239,16239.0,37
2794,14500,14500.0,37
2795,12455,12455.0,32
2796,16117,16117.0,37
2797,13248,13248.0,37
2798,16967,16967.0,37
2799,15405,15405.0,37
2800,16659,16659.0,37
2801,16880,16880.0,37
2802,13435,13435.0,37
2803,13131,13131.0,37
2804,14891,14891.0,37
2805,16682,16682.0,37
2806,15453,15453.0,37
2807,16963,16963.0,37
2808,13682,13682.0,37
2809,15152,15152.0,37
2810,15462,15462.0,37
2811,12449,12449.0,4
2812,15349,15349.0,37
2813,16849,16849.0,37
2814,12802,12802.0,25
2815,15073,15073.0,37
2816,16298,16298.0,37
2817,12535,12535.0,14
2818,18248,18248.0,37
2819,15386,15386.0,37
2820,17252,17252.0,37
2821,14542,14542.0,37
2822,16825,16825.0,37
2823,12380,12380.0,4
2824,18072,18072.0,37
2825,13643,13643.0,37
2826,15969,15969.0,37
2827,13283,13283.0,37
2828,17015,17015.0,37
2829,14375,14375.0,37
2830,17124,17124.0,37
2831,17987,17987.0,37
2832,13395,13395.0,37
2833,17828,17828.0,24
2834,15743,15743.0,37
2835,17414,17414.0,37
2836,14622,14622.0,37
2837,15609,15609.0,37
2838,14561,14561.0,37
2839,16872,16872.0,37
2840,16358,16358.0,37
2841,15238,15238.0,37
2842,13466,13466.0,37
2843,17360,17360.0,37
2844,13510,13510.0,37
2845,12406,12406.0,10
2846,14241,14241.0,37
2847,14132,14132.0,37
2848,14963,14963.0,37
2849,17169,17169.0,37
2850,15252,15252.0,37
2851,17731,17731.0,37
2852,16113,16113.0,37
2853,12694,12694.0,14
2854,16107,16107.0,37
2855,17483,17483.0,37
2856,15679,15679.0,37
2857,13686,13686.0,37
2858,16581,16581.0,37
2859,15267,15267.0,37
2860,17234,17234.0,37
2861,17797,17797.0,37
2862,16614,16614.0,37
2863,12409,12409.0,34
2864,15411,15411.0,37
2865,14178,14178.0,37
2866,15098,15098.0,37
2867,18281,18281.0,37
2868,14984,14984.0,37
2869,12516,12516.0,15
2870,17265,17265.0,37
2871,13617,13617.0,37
2872,17242,17242.0,37
2873,17289,17289.0,37
2874,16018,16018.0,37
2875,14704,14704.0,37
2876,16794,16794.0,37
2877,13761,13761.0,37
2878,13517,13517.0,37
2879,13936,13936.0,37
2880,16342,16342.0,37
2881,14177,14177.0,37
2882,12732,12732.0,14
2883,16205,16205.0,37
2884,15036,15036.0,37
2885,13589,13589.0,37
2886,17579,17579.0,37
2887,15069,15069.0,37
2888,17349,17349.0,37
2889,13080,13080.0,37
2890,13663,13663.0,37
2891,14503,14503.0,37
2892,16774,16774.0,37
2893,13384,13384.0,37
2894,17101,17101.0,37
2895,14997,14997.0,37
2896,17155,17155.0,37
2897,12809,12809.0,28
2898,16461,16461.0,37
2899,13343,13343.0,37
2900,12624,12624.0,14
2901,18165,18165.0,37
2902,17536,17536.0,37
2903,UNKNOWN_France,,14
2904,16324,16324.0,37
2905,17651,17651.0,37
2906,14222,14222.0,37
2907,15585,15585.0,37
2908,17490,17490.0,37
2909,16739,16739.0,37
2910,16276,16276.0,37
2911,17193,17193.0,37
2912,16257,16257.0,37
2913,14285,14285.0,37
2914,17642,17642.0,37
2915,12816,12816.0,27
2916,13826,13826.0,37
2917,13575,13575.0,37
2918,17157,17157.0,37
2919,16852,16852.0,37
2920,15219,15219.0,37
2921,15014,15014.0,37
2922,14765,14765.0,37
2923,16869,16869.0,37
2924,15909,15909.0,37
2925,13618,13618.0,37
2926,16050,16050.0,37
2927,17879,17879.0,37
2928,17562,17562.0,37
2929,15334,15334.0,37
2930,12450,12450.0,32
2931,13568,13568.0,37
2932,14820,14820.0,37
2933,16744,16744.0,37
2934,15700,15700.0,37
2935,17299,17299.0,37
2936,12837,12837.0,37
2937,15076,15076.0,37
2938,17444,17444.0,6
2939,15921,15921.0,37
2940,15747,15747.0,37
2941,15840,15840.0,37
2942,15016,15016.0,37
2943,14808,14808.0,37
2944,12904,12904.0,37
2945,15825,15825.0,37
2946,12432,12432.0,26
2947,15389,15389.0,37
2948,15280,15280.0,37
2949,17159,17159.0,37
2950,12830,12830.0,37
2951,15507,15507.0,37
2952,18252,18252.0,37
2953,16526,16526.0,37
2954,17695,17695.0,37
2955,12930,12930.0,37
2956,14960,14960.0,37
2957,12444,12444.0,26
2958,17960,17960.0,37
2959,15412,15412.0,37
2960,13763,13763.0,37
2961,12798,12798.0,21
2962,13849,13849.0,37
2963,16114,16114.0,37
2964,13420,13420.0,37
2965,13780,13780.0,37
2966,17877,17877.0,37
2967,16247,16247.0,37
2968,15041,15041.0,37
2969,12379,12379.0,4
2970,16287,16287.0,37
2971,12919,12919.0,37
2972,15130,15130.0,37
2973,12704,12704.0,13
2974,17370,17370.0,37
2975,17709,17709.0,37
2976,15253,15253.0,37
2977,13300,13300.0,37
2978,17759,17759.0,37
2979,12465,12465.0,4
2980,12412,12412.0,10
2981,12697,12697.0,33
2982,13937,13937.0,37
2983,12422,12422.0,34
2984,12615,12615.0,14
2985,15850,15850.0,37
2986,15186,15186.0,37
2987,13791,13791.0,37
2988,14795,14795.0,37
2989,17768,17768.0,37
2990,18112,18112.0,37
2991,12548,12548.0,32
2992,17386,17386.0,37
2993,14104,14104.0,37
2994,17110,17110.0,37
2995,13895,13895.0,37
2996,16545,16545.0,37
2997,16671,16671.0,37
2998,14351,14351.0,37
2999,17391,17391.0,37
3000,16824,16824.0,37
3001,17750,17750.0,37
3002,16200,16200.0,37
3003,17997,17997.0,37
3004,14383,14383.0,37
3005,13461,13461.0,37
3006,17408,17408.0,37
3007,15537,15537.0,37
3008,14327,14327.0,37
3009,17837,17837.0,37
3010,12424,12424.0,1
3011,15578,15578.0,37
3012,15584,15584.0,37
3013,13745,13745.0,37
3014,16498,16498.0,37
3015,17891,17891.0,37
3016,17123,17123.0,37
3017,16866,16866.0,37
3018,13730,13730.0,37
3019,16589,16589.0,37
3020,12922,12922.0,37
3021,16009,16009.0,37
3022,14053,14053.0,37
3023,17939,17939.0,37
3024,17312,17312.0,37
3025,13833,13833.0,37
3026,17899,17899.0,37
3027,15007,15007.0,37
3028,17464,17464.0,37
3029,18265,18265.0,37
3030,16344,16344.0,37
3031,13338,13338.0,37
3032,17024,17024.0,37
3033,14034,14034.0,37
3034,18203,18203.0,37
3035,16616,16616.0,37
3036,16338,16338.0,37
3037,17046,17046.0,37
3038,13109,13109.0,37
3039,16829,16829.0,37
3040,13217,13217.0,37
3041,14002,14002.0,37
3042,12977,12977.0,37
3043,13291,13291.0,37
3044,13583,13583.0,37
3045,16929,16929.0,37
3046,17892,17892.0,37
3047,15505,15505.0,37
3048,14459,14459.0,37
3049,18013,18013.0,37
3050,13681,13681.0,37
3051,13699,13699.0,37
3052,14493,14493.0,37
3053,13486,13486.0,37
3054,13302,13302.0,37
3055,16012,16012.0,37
3056,12635,12635.0,15
3057,17031,17031.0,37
3058,12461,12461.0,34
3059,12648,12648.0,15
3060,18121,18121.0,37
3061,15901,15901.0,37
3062,14918,14918.0,37
3063,15920,15920.0,37
3064,17353,17353.0,37
3065,18024,18024.0,37
3066,15467,15467.0,37
3067,16174,16174.0,37
3068,13678,13678.0,37
3069,14690,14690.0,37
3070,13058,13058.0,37
3071,14552,14552.0,37
3072,12556,12556.0,32
3073,13224,13224.0,37
3074,16989,16989.0,37
3075,12358,12358.0,2
3076,13207,13207.0,37
3077,18122,18122.0,37
3078,12722,12722.0,14
3079,17405,17405.0,37
3080,13311,13311.0,37
3081,15051,15051.0,37
3082,15895,15895.0,37
3083,15795,15795.0,37
3084,13669,13669.0,37
3085,16450,16450.0,37
3086,13667,13667.0,37
3087,14400,14400.0,37
3088,12405,12405.0,13
3089,14265,14265.0,38
3090,14847,14847.0,37
3091,14862,14862.0,37
3092,16488,16488.0,37
3093,15256,15256.0,37
3094,14716,14716.0,37
3095,13933,13933.0,37
3096,14857,14857.0,37
3097,15306,15306.0,37
3098,15839,15839.0,37
3099,13994,13994.0,37
3100,17554,17554.0,37
3101,14332,14332.0,37
3102,17266,17266.0,37
3103,17948,17948.0,37
3104,15004,15004.0,37
3105,14722,14722.0,37
3106,13507,13507.0,37
3107,13967,13967.0,37
3108,UNKNOWN_Switzerland,,34
3109,16054,16054.0,37
3110,12833,12833.0,37
3111,16474,16474.0,37
3112,17984,17984.0,37
3113,12589,12589.0,14
3114,17448,17448.0,37
3115,16762,16762.0,37
3116,15369,15369.0,37
3117,13154,13154.0,37
3118,13940,13940.0,37
3119,14029,14029.0,37
3120,14117,14117.0,37
3121,13167,13167.0,37
3122,17779,17779.0,37
3123,13991,13991.0,37
3124,18101,18101.0,37
3125,17065,17065.0,37
3126,13827,13827.0,37
3127,12560,12560.0,15
3128,16764,16764.0,37
3129,18180,18180.0,37
3130,12521,12521.0,15
3131,17866,17866.0,37
3132,15802,15802.0,37
3133,17229,17229.0,37
3134,14456,14456.0,37
3135,16464,16464.0,37
3136,17962,17962.0,37
3137,16149,16149.0,37
3138,14259,14259.0,37
3139,18143,18143.0,37
3140,17935,17935.0,37
3141,14517,14517.0,37
3142,17694,17694.0,37
3143,17660,17660.0,37
3144,16041,16041.0,37
3145,15623,15623.0,37
3146,15829,15829.0,37
3147,15232,15232.0,37
3148,12438,12438.0,26
3149,12627,12627.0,15
3150,13079,13079.0,37
3151,18262,18262.0,37
3152,13563,13563.0,37
3153,15506,15506.0,37
3154,16305,16305.0,37
3155,12864,12864.0,37
3156,17724,17724.0,37
3157,17703,17703.0,37
3158,13116,13116.0,37
3159,14019,14019.0,37
3160,17649,17649.0,37
3161,16178,16178.0,37
3162,17040,17040.0,37
3163,14100,14100.0,37
3164,16557,16557.0,37
3165,13296,13296.0,37
3166,13814,13814.0,15
3167,16364,16364.0,37
3168,17693,17693.0,37
3169,15372,15372.0,37
3170,15618,15618.0,37
3171,13930,13930.0,37
3172,13379,13379.0,37
3173,13194,13194.0,37
3174,16447,16447.0,37
3175,14305,14305.0,37
3176,12397,12397.0,4
3177,14331,14331.0,37
3178,15261,15261.0,37
3179,15105,15105.0,37
3180,13813,13813.0,15
3181,18268,18268.0,37
3182,14855,14855.0,37
3183,13925,13925.0,37
3184,18237,18237.0,37
3185,12453,12453.0,2
3186,15639,15639.0,37
3187,15118,15118.0,37
3188,15746,15746.0,37
3189,12743,12743.0,38
3190,15942,15942.0,37
3191,14143,14143.0,37
3192,15120,15120.0,37
3193,16147,16147.0,37
3194,13277,13277.0,37
3195,18127,18127.0,37
3196,15149,15149.0,37
3197,18081,18081.0,37
3198,14511,14511.0,37
3199,12716,12716.0,14
3200,15776,15776.0,37
3201,12981,12981.0,37
3202,13106,13106.0,37
3203,13928,13928.0,37
3204,14885,14885.0,37
3205,13388,13388.0,37
3206,15438,15438.0,37
3207,17173,17173.0,37
3208,17941,17941.0,37
3209,14947,14947.0,37
3210,17053,17053.0,37
3211,12534,12534.0,15
3212,12844,12844.0,37
3213,14567,14567.0,37
3214,14937,14937.0,7
3215,12828,12828.0,37
3216,16984,16984.0,37
3217,13023,13023.0,37
3218,17553,17553.0,37
3219,13075,13075.0,37
3220,15342,15342.0,37
3221,12644,12644.0,15
3222,12378,12378.0,34
3223,17788,17788.0,37
3224,13850,13850.0,37
3225,14076,14076.0,37
3226,13805,13805.0,37
3227,17887,17887.0,37
3228,13186,13186.0,37
3229,12750,12750.0,27
3230,15374,15374.0,37
3231,17656,17656.0,37
3232,16102,16102.0,37
3233,15089,15089.0,37
3234,14972,14972.0,37
3235,17514,17514.0,37
3236,12917,12917.0,37
3237,12689,12689.0,14
3238,14768,14768.0,37
3239,17584,17584.0,37
3240,15254,15254.0,37
3241,18099,18099.0,37
3242,15205,15205.0,37
3243,13218,13218.0,37
3244,17267,17267.0,37
3245,16302,16302.0,37
3246,13513,13513.0,37
3247,14720,14720.0,37
3248,18282,18282.0,37
3249,12610,12610.0,20
3250,13200,13200.0,37
3251,14079,14079.0,37
3252,17298,17298.0,37
3253,14024,14024.0,37
3254,16066,16066.0,37
3255,15198,15198.0,37
3256,12885,12885.0,37
3257,17331,17331.0,37
3258,13016,13016.0,37
3259,13500,13500.0,37
3260,15247,15247.0,37
3261,13355,13355.0,37
3262,16053,16053.0,37
3263,13919,13919.0,10
3264,12384,12384.0,34
3265,16292,16292.0,37
3266,12571,12571.0,14
3267,14116,14116.0,37
3268,14495,14495.0,37
3269,15494,15494.0,37
3270,15608,15608.0,37
3271,17248,17248.0,37
3272,17653,17653.0,37
3273,13645,13645.0,37
3274,15469,15469.0,37
3275,13307,13307.0,37
3276,12381,12381.0,26
3277,17122,17122.0,37
3278,14406,14406.0,37
3279,15683,15683.0,37
3280,14301,14301.0,37
3281,14658,14658.0,37
3282,13621,13621.0,37
3283,16272,16272.0,37
3284,17958,17958.0,37
3285,16836,16836.0,37
3286,16961,16961.0,37
3287,16902,16902.0,37
3288,15706,15706.0,37
3289,15480,15480.0,24
3290,15315,15315.0,37
3291,15653,15653.0,37
3292,13159,13159.0,37
3293,13189,13189.0,37
3294,17637,17637.0,37
3295,12641,12641.0,33
3296,13470,13470.0,37
3297,15786,15786.0,37
3298,15541,15541.0,37
3299,16734,16734.0,37
3300,16706,16706.0,37
3301,17070,17070.0,37
3302,12688,12688.0,19
3303,12729,12729.0,14
3304,12962,12962.0,37
3305,13273,13273.0,37
3306,17736,17736.0,37
3307,15472,15472.0,37
3308,12680,12680.0,14
3309,16582,16582.0,37
3310,17747,17747.0,37
3311,12513,12513.0,14
3312,15396,15396.0,37
3313,12418,12418.0,34
3314,16828,16828.0,37
3315,14712,14712.0,37
3316,12991,12991.0,37
3317,14772,14772.0,37
3318,12364,12364.0,4
3319,12968,12968.0,37
3320,16330,16330.0,37
3321,14566,14566.0,7
3322,15701,15701.0,37
3323,12518,12518.0,15
3324,14529,14529.0,37
3325,16536,16536.0,37
3326,15313,15313.0,37
3327,15801,15801.0,37
3328,16201,16201.0,37
3329,16555,16555.0,37
3330,16952,16952.0,37
3331,14387,14387.0,37
3332,17073,17073.0,37
3333,18147,18147.0,37
3334,14523,14523.0,37
3335,14418,14418.0,37
3336,12642,12642.0,15
3337,16968,16968.0,37
3338,16723,16723.0,37
3339,13411,13411.0,37
3340,16340,16340.0,37
3341,13236,13236.0,37
3342,14196,14196.0,37
3343,15263,15263.0,37
3344,14314,14314.0,37
3345,16093,16093.0,37
3346,17844,17844.0,6
3347,14687,14687.0,37
3348,14050,14050.0,37
3349,16429,16429.0,37
3350,14055,14055.0,37
3351,12715,12715.0,33
3352,15663,15663.0,37
3353,18200,18200.0,37
3354,18167,18167.0,37
3355,13644,13644.0,37
3356,17451,17451.0,37
3357,16641,16641.0,37
3358,13812,13812.0,15
3359,14141,14141.0,37
3360,15074,15074.0,37
3361,12492,12492.0,15
3362,17183,17183.0,37
3363,15325,15325.0,37
3364,13778,13778.0,37
3365,14869,14869.0,37
3366,14096,14096.0,37
3367,14108,14108.0,37
3368,12814,12814.0,27
3369,15866,15866.0,37
3370,14660,14660.0,37
3371,13726,13726.0,37
3372,15690,15690.0,37
3373,17777,17777.0,37
3374,16278,16278.0,37
3375,13276,13276.0,37
3376,12436,12436.0,26
3377,13147,13147.0,37
3378,13045,13045.0,37
3379,13099,13099.0,37
3380,12739,12739.0,36
3381,14420,14420.0,37
3382,14436,14436.0,37
3383,18027,18027.0,37
3384,12794,12794.0,28
3385,12832,12832.0,37
3386,16674,16674.0,37
3387,12375,12375.0,13
3388,16173,16173.0,37
3389,14171,14171.0,37
3390,13434,13434.0,37
3391,16761,16761.0,37
3392,14067,14067.0,37
3393,13808,13808.0,37
3394,12851,12851.0,37
3395,14335,14335.0,15
3396,14965,14965.0,37
3397,15136,15136.0,37
3398,16629,16629.0,37
3399,18261,18261.0,37
3400,15307,15307.0,37
3401,16820,16820.0,37
3402,17309,17309.0,37
3403,13949,13949.0,37
3404,14360,14360.0,37
3405,16400,16400.0,37
3406,14208,14208.0,37
3407,12526,12526.0,15
3408,13130,13130.0,37
3409,13210,13210.0,37
3410,17481,17481.0,37
3411,12685,12685.0,14
3412,17573,17573.0,37
3413,14452,14452.0,37
3414,13889,13889.0,37
3415,15488,15488.0,37
3416,18222,18222.0,37
3417,13244,13244.0,37
3418,17004,17004.0,37
3419,13441,13441.0,37
3420,13823,13823.0,37
3421,12879,12879.0,37
3422,16603,16603.0,37
3423,14824,14824.0,37
3424,16910,16910.0,37
3425,15652,15652.0,37
3426,16362,16362.0,37
3427,15035,15035.0,37
3428,14508,14508.0,37
3429,13272,13272.0,37
3430,17317,17317.0,37
3431,14212,14212.0,37
3432,13372,13372.0,37
3433,18255,18255.0,37
3434,14250,14250.0,37
3435,16796,16796.0,37
3436,14432,14432.0,37
3437,15782,15782.0,37
3438,12883,12883.0,37
3439,12965,12965.0,37
3440,15533,15533.0,37
3441,18215,18215.0,37
3442,18158,18158.0,37
3443,13375,13375.0,37
3444,13431,13431.0,37
3445,16211,16211.0,37
3446,12884,12884.0,37
3447,16141,16141.0,37
3448,17919,17919.0,37
3449,16360,16360.0,37
3450,17433,17433.0,37
3451,13704,13704.0,37
3452,14020,14020.0,37
3453,14359,14359.0,37
3454,16451,16451.0,37
3455,12940,12940.0,37
3456,15216,15216.0,37
3457,15522,15522.0,37
3458,17037,17037.0,37
3459,12822,12822.0,37
3460,15343,15343.0,37
3461,14753,14753.0,37
3462,16959,16959.0,37
3463,18251,18251.0,37
3464,13032,13032.0,37
3465,12895,12895.0,37
3466,17640,17640.0,37
3467,13860,13860.0,37
3468,12756,12756.0,21
3469,18001,18001.0,37
3470,17728,17728.0,37
3471,15933,15933.0,37
3472,14284,14284.0,37
3473,17347,17347.0,37
3474,15103,15103.0,37
3475,15707,15707.0,37
3476,13430,13430.0,37
3477,12566,12566.0,15
3478,13321,13321.0,37
3479,13877,13877.0,37
3480,15272,15272.0,37
3481,15322,15322.0,37
3482,17333,17333.0,37
3483,13518,13518.0,37
3484,14306,14306.0,37
3485,17679,17679.0,37
3486,16160,16160.0,37
3487,15573,15573.0,37
3488,14894,14894.0,37
3489,17434,17434.0,37
3490,15466,15466.0,37
3491,15511,15511.0,37
3492,17846,17846.0,37
3493,16189,16189.0,37
3494,15417,15417.0,37
3495,12995,12995.0,37
3496,14557,14557.0,37
3497,16108,16108.0,37
3498,17144,17144.0,37
3499,16924,16924.0,37
3500,15099,15099.0,37
3501,13323,13323.0,37
3502,14124,14124.0,37
3503,15975,15975.0,37
3504,15523,15523.0,37
3505,16878,16878.0,37
3506,15947,15947.0,37
3507,13247,13247.0,37
3508,13566,13566.0,37
3509,18194,18194.0,37
3510,16689,16689.0,37
3511,16438,16438.0,37
3512,13067,13067.0,37
3513,12457,12457.0,8
3514,16460,16460.0,37
3515,13325,13325.0,37
3516,12640,12640.0,14
3517,13774,13774.0,37
3518,12497,12497.0,15
3519,12752,12752.0,26
3520,15504,15504.0,37
3521,15500,15500.0,37
3522,17557,17557.0,37
3523,13228,13228.0,37
3524,14356,14356.0,37
3525,13416,13416.0,37
3526,17628,17628.0,37
3527,16527,16527.0,37
3528,16428,16428.0,37
3529,15341,15341.0,37
3530,16215,16215.0,37
3531,14164,14164.0,37
3532,15888,15888.0,37
3533,17564,17564.0,37
3534,13356,13356.0,37
3535,12390,12390.0,4
3536,18228,18228.0,37
3537,17415,17415.0,37
3538,13350,13350.0,37
3539,12550,12550.0,32
3540,16627,16627.0,37
3541,17475,17475.0,37
3542,14951,14951.0,37
3543,14780,14780.0,37
3544,14887,14887.0,37
3545,15399,15399.0,37
3546,17466,17466.0,37
3547,16379,16379.0,37
3548,17172,17172.0,37
3549,15239,15239.0,37
3550,16213,16213.0,37
3551,15603,15603.0,37
3552,14261,14261.0,37
3553,12657,12657.0,14
3554,15571,15571.0,37
3555,15484,15484.0,37
3556,12936,12936.0,37
3557,16236,16236.0,37
3558,16669,16669.0,37
3559,15398,15398.0,37
3560,12906,12906.0,37
3561,17079,17079.0,37
3562,14125,14125.0,37
3563,17163,17163.0,37
3564,12952,12952.0,37
3565,12579,12579.0,14
3566,13279,13279.0,37
3567,12425,12425.0,28
3568,16715,16715.0,37
3569,13519,13519.0,37
3570,12546,12546.0,32
3571,15744,15744.0,37
3572,13127,13127.0,37
3573,15714,15714.0,37
3574,17480,17480.0,37
3575,15763,15763.0,37
3576,15075,15075.0,37
3577,16978,16978.0,37
3578,14014,14014.0,37
3579,16240,16240.0,37
3580,13336,13336.0,37
3581,14652,14652.0,37
3582,15807,15807.0,37
3583,15762,15762.0,37
3584,15475,15475.0,37
3585,15978,15978.0,37
3586,16485,16485.0,37
3587,12488,12488.0,14
3588,13083,13083.0,37
3589,16169,16169.0,37
3590,17506,17506.0,37
3591,16480,16480.0,37
3592,17006,17006.0,37
3593,17498,17498.0,37
3594,17131,17131.0,37
3595,13536,13536.0,37
3596,15429,15429.0,37
3597,17154,17154.0,37
3598,16594,16594.0,37
3599,16049,16049.0,37
3600,14757,14757.0,37
3601,16198,16198.0,37
3602,13670,13670.0,37
3603,18066,18066.0,37
3604,14806,14806.0,37
3605,12783,12783.0,28
3606,13429,13429.0,37
3607,15154,15154.0,37
3608,13390,13390.0,37
3609,12925,12925.0,37
3610,13927,13927.0,37
3611,18205,18205.0,37
3612,14908,14908.0,37
3613,13639,13639.0,37
3614,15958,15958.0,37
3615,15492,15492.0,37
3616,15243,15243.0,37
3617,16468,16468.0,37
3618,15344,15344.0,37
3619,13866,13866.0,37
3620,12612,12612.0,15
3621,16999,16999.0,37
3622,13514,13514.0,37
3623,13314,13314.0,37
3624,17805,17805.0,37
3625,18278,18278.0,37
3626,13979,13979.0,37
3627,16181,16181.0,37
3628,15568,15568.0,37
3629,16354,16354.0,37
3630,14412,14412.0,37
3631,16119,16119.0,37
3632,14109,14109.0,37
3633,16157,16157.0,37
3634,15348,15348.0,37
3635,16281,16281.0,37
3636,13924,13924.0,37
3637,14434,14434.0,37
3638,13061,13061.0,37
3639,17513,17513.0,37
3640,16909,16909.0,37
3641,16650,16650.0,37
3642,18192,18192.0,37
3643,17447,17447.0,37
3644,17427,17427.0,37
3645,15175,15175.0,37
3646,13960,13960.0,37
3647,17528,17528.0,37
3648,16361,16361.0,37
3649,13886,13886.0,37
3650,13354,13354.0,37
3651,15050,15050.0,37
3652,13503,13503.0,37
3653,16653,16653.0,37
3654,16574,16574.0,37
3655,13759,13759.0,37
3656,17813,17813.0,37
3657,12718,12718.0,14
3658,15949,15949.0,37
3659,12703,12703.0,15
3660,13364,13364.0,37
3661,16268,16268.0,37
3662,18053,18053.0,37
3663,16101,16101.0,37
3664,15565,15565.0,37
3665,18217,18217.0,37
3666,13954,13954.0,37
3667,15593,15593.0,37
3668,13095,13095.0,37
3669,15287,15287.0,37
3670,13347,13347.0,37
3671,15185,15185.0,37
3672,16404,16404.0,37
3673,16613,16613.0,37
3674,16591,16591.0,37
3675,15774,15774.0,37
3676,13558,13558.0,37
3677,16930,16930.0,37
3678,16533,16533.0,37
3679,18059,18059.0,37
3680,14488,14488.0,37
3681,16747,16747.0,37
3682,14333,14333.0,37
3683,13635,13635.0,37
3684,17330,17330.0,37
3685,17321,17321.0,37
3686,14815,14815.0,37
3687,15091,15091.0,37
3688,15088,15088.0,37
3689,15930,15930.0,37
3690,16183,16183.0,37
3691,13297,13297.0,37
3692,13801,13801.0,37
3693,16881,16881.0,37
3694,17014,17014.0,37
3695,15255,15255.0,37
3696,14184,14184.0,37
3697,13351,13351.0,37
3698,15739,15739.0,37
3699,12512,12512.0,19
3700,17957,17957.0,37
3701,15276,15276.0,37
3702,15127,15127.0,37
3703,16106,16106.0,37
3704,17666,17666.0,37
3705,13483,13483.0,37
3706,16478,16478.0,37
3707,17382,17382.0,37
3708,12789,12789.0,25
3709,16020,16020.0,37
3710,17222,17222.0,37
3711,16803,16803.0,37
3712,13947,13947.0,37
3713,16758,16758.0,37
3714,12719,12719.0,14
3715,17647,17647.0,37
3716,14054,14054.0,37
3717,12723,12723.0,14
3718,18033,18033.0,37
3719,13845,13845.0,37
3720,15837,15837.0,37
3721,12628,12628.0,15
3722,13177,13177.0,37
3723,14317,14317.0,37
3724,16295,16295.0,37
3725,13602,13602.0,37
3726,16895,16895.0,37
3727,17295,17295.0,37
3728,13504,13504.0,37
3729,13422,13422.0,37
3730,15264,15264.0,37
3731,16432,16432.0,37
3732,13816,13816.0,15
3733,14518,14518.0,37
3734,13882,13882.0,37
3735,15937,15937.0,37
3736,12923,12923.0,37
3737,17453,17453.0,37
3738,15766,15766.0,37
3739,15300,15300.0,37
3740,13348,13348.0,37
3741,14592,14592.0,37
3742,14792,14792.0,37
3743,12394,12394.0,10
3744,17030,17030.0,37
3745,12420,12420.0,8
3746,14427,14427.0,37
3747,12519,12519.0,15
3748,13359,13359.0,37
3749,14138,14138.0,37
3750,15297,15297.0,37
3751,13876,13876.0,37
3752,12740,12740.0,14
3753,17086,17086.0,37
3754,13806,13806.0,37
3755,18096,18096.0,37
3756,13587,13587.0,37
3757,12856,12856.0,37
3758,13419,13419.0,37
3759,17509,17509.0,37
3760,16900,16900.0,37
3761,13689,13689.0,37
3762,13755,13755.0,37
3763,16104,16104.0,37
3764,13259,13259.0,37
3765,16248,16248.0,37
3766,15612,15612.0,37
3767,15787,15787.0,37
3768,16595,16595.0,37
3769,13260,13260.0,37
3770,15821,15821.0,37
3771,18088,18088.0,37
3772,16685,16685.0,37
3773,13193,13193.0,37
3774,13212,13212.0,37
3775,14801,14801.0,37
3776,16380,16380.0,37
3777,16921,16921.0,37
3778,15193,15193.0,37
3779,14027,14027.0,37
3780,16179,16179.0,37
3781,15473,15473.0,37
3782,17425,17425.0,37
3783,18169,18169.0,37
3784,18126,18126.0,37
3785,16688,16688.0,37
3786,16982,16982.0,37
3787,15330,15330.0,37
3788,17186,17186.0,37
3789,13685,13685.0,37
3790,16776,16776.0,37
3791,13980,13980.0,37
3792,13352,13352.0,37
3793,15553,15553.0,37
3794,15886,15886.0,37
3795,17203,17203.0,37
3796,12607,12607.0,35
3797,17459,17459.0,37
3798,12772,12772.0,28
3799,16561,16561.0,37
3800,14121,14121.0,37
3801,12371,12371.0,34
3802,17119,17119.0,37
3803,17620,17620.0,37
3804,12824,12824.0,37
3805,14710,14710.0,37
3806,16120,16120.0,37
3807,14624,14624.0,37
3808,16171,16171.0,37
3809,12536,12536.0,14
3810,13690,13690.0,37
3811,17934,17934.0,37
3812,14642,14642.0,37
3813,12602,12602.0,14
3814,16753,16753.0,37
3815,17737,17737.0,37
3816,13464,13464.0,37
3817,12667,12667.0,13
3818,12498,12498.0,15
3819,14537,14537.0,37
3820,17279,17279.0,37
3821,14251,14251.0,37
3822,12446,12446.0,29
3823,12631,12631.0,13
3824,14234,14234.0,37
3825,14975,14975.0,37
3826,13853,13853.0,37
3827,16773,16773.0,37
3828,16430,16430.0,37
3829,16793,16793.0,37
3830,18130,18130.0,37
3831,17614,17614.0,37
3832,13858,13858.0,37
3833,14856,14856.0,37
3834,14089,14089.0,37
3835,15478,15478.0,37
3836,16413,16413.0,37
3837,13810,13810.0,15
3838,16416,16416.0,37
3839,13006,13006.0,37
3840,17986,17986.0,37
3841,12454,12454.0,32
3842,14910,14910.0,37
3843,16243,16243.0,37
3844,13878,13878.0,37
3845,16934,16934.0,37
3846,15994,15994.0,37
3847,14547,14547.0,37
3848,16052,16052.0,37
3849,15113,15113.0,37
3850,12475,12475.0,15
3851,16542,16542.0,37
3852,18042,18042.0,37
3853,16563,16563.0,37
3854,17201,17201.0,37
3855,17520,17520.0,37
3856,13923,13923.0,37
3857,16412,16412.0,37
3858,17205,17205.0,37
3859,17534,17534.0,37
3860,15335,15335.0,37
3861,16737,16737.0,37
3862,15066,15066.0,37
3863,17206,17206.0,37
3864,17785,17785.0,37
3865,16932,16932.0,37
3866,16363,16363.0,37
3867,14830,14830.0,37
3868,17244,17244.0,37
3869,15355,15355.0,37
3870,15598,15598.0,37
3871,15637,15637.0,37
3872,16848,16848.0,37
3873,15678,15678.0,37
3874,14015,14015.0,37
3875,13594,13594.0,37
3876,15327,15327.0,37
3877,14861,14861.0,37
3878,14554,14554.0,37
3879,12611,12611.0,20
3880,14179,14179.0,37
3881,15604,15604.0,37
3882,14381,14381.0,37
3883,12572,12572.0,15
3884,16123,16123.0,37
3885,16851,16851.0,37
3886,17148,17148.0,37
3887,17549,17549.0,37
3888,17973,17973.0,37
3889,15610,15610.0,37
3890,15853,15853.0,37
3891,18019,18019.0,37
3892,14698,14698.0,37
3893,16826,16826.0,37
3894,17824,17824.0,37
3895,12522,12522.0,15
3896,15803,15803.0,37
3897,15006,15006.0,37
3898,17350,17350.0,37
3899,14799,14799.0,37
3900,15814,15814.0,37
3901,16260,16260.0,37
3902,14638,14638.0,37
3903,17354,17354.0,37
3904,13245,13245.0,37
3905,14923,14923.0,37
3906,16177,16177.0,37
3907,13366,13366.0,37
3908,16284,16284.0,37
3909,16846,16846.0,37
3910,14484,14484.0,37
3911,13897,13897.0,37
3912,14585,14585.0,37
3913,17125,17125.0,37
3914,15836,15836.0,37
3915,16313,16313.0,37
3916,13460,13460.0,37
3917,12403,12403.0,10
3918,14967,14967.0,37
3919,15286,15286.0,37
3920,17832,17832.0,37
3921,12646,12646.0,35
3922,16015,16015.0,37
3923,16311,16311.0,37
3924,15728,15728.0,37
3925,15740,15740.0,37
3926,13974,13974.0,37
3927,15677,15677.0,37
3928,15000,15000.0,37
3929,16017,16017.0,37
3930,13471,13471.0,37
3931,13598,13598.0,37
3932,18005,18005.0,37
3933,15427,15427.0,37
3934,15022,15022.0,37
3935,17111,17111.0,37
3936,17836,17836.0,37
3937,14629,14629.0,37
3938,15592,15592.0,37
3939,15277,15277.0,37
3940,16491,16491.0,37
3941,15516,15516.0,37
3942,14764,14764.0,37
3943,16742,16742.0,37
3944,15142,15142.0,37
3945,17344,17344.0,37
3946,18240,18240.0,37
3947,17081,17081.0,37
3948,14474,14474.0,37
3949,14139,14139.0,37
3950,15844,15844.0,37
3951,13176,13176.0,37
3952,12398,12398.0,34
3953,15345,15345.0,37
3954,16708,16708.0,37
3955,15963,15963.0,37
3956,18045,18045.0,37
3957,13182,13182.0,37
3958,UNKNOWN_Portugal,,28
3959,15158,15158.0,37
3960,13028,13028.0,37
3961,13978,13978.0,37
3962,16056,16056.0,37
3963,12812,12812.0,21
3964,16071,16071.0,37
3965,14539,14539.0,37
3966,14550,14550.0,37
3967,17712,17712.0,37
3968,14102,14102.0,37
3969,14598,14598.0,37
3970,15320,15320.0,37
3971,16415,16415.0,37
3972,12448,12448.0,32
3973,12827,12827.0,37
3974,16345,16345.0,37
3975,15993,15993.0,37
3976,17895,17895.0,37
3977,15948,15948.0,37
3978,15659,15659.0,37
3979,18154,18154.0,37
3980,12630,12630.0,13
3981,13363,13363.0,37
3982,18276,18276.0,37
3983,17684,17684.0,37
3984,17878,17878.0,37
3985,14752,14752.0,37
3986,16847,16847.0,37
3987,14971,14971.0,37
3988,17545,17545.0,37
3989,16026,16026.0,37
3990,16513,16513.0,37
3991,12430,12430.0,26
3992,14357,14357.0,37
3993,16855,16855.0,37
3994,16680,16680.0,37
3995,18035,18035.0,37
3996,16648,16648.0,37
3997,16164,16164.0,37
3998,14218,14218.0,37
3999,15096,15096.0,37
4000,18030,18030.0,37
4001,14416,14416.0,37
4002,17839,17839.0,37
4003,16601,16601.0,37
4004,12912,12912.0,37
4005,13278,13278.0,37
4006,14582,14582.0,37
4007,15748,15748.0,37
4008,16079,16079.0,37
4009,17590,17590.0,37
4010,15054,15054.0,37
4011,14158,14158.0,37
4012,15385,15385.0,37
4013,16506,16506.0,37
4014,13822,13822.0,37
4015,18067,18067.0,37
4016,16190,16190.0,37
4017,15444,15444.0,37
4018,13607,13607.0,37
4019,12581,12581.0,15
4020,15360,15360.0,37
4021,13103,13103.0,37
4022,15667,15667.0,37
4023,13651,13651.0,37
4024,12552,12552.0,20
4025,16127,16127.0,37
4026,12588,12588.0,13
4027,15977,15977.0,37
4028,13697,13697.0,37
4029,14345,14345.0,37
4030,17503,17503.0,37
4031,16830,16830.0,37
4032,17495,17495.0,37
4033,12491,12491.0,14
4034,14485,14485.0,37
4035,13868,13868.0,37
4036,15423,15423.0,37
4037,17668,17668.0,37
4038,16971,16971.0,37
4039,16352,16352.0,37
4040,16884,16884.0,37
4041,15830,15830.0,37
4042,14216,14216.0,37
4043,15275,15275.0,37
4044,16790,16790.0,37
4045,15576,15576.0,37
4046,18105,18105.0,37
4047,18164,18164.0,37
4048,14974,14974.0,37
4049,17947,17947.0,37
4050,13318,13318.0,37
4051,18104,18104.0,37
4052,13271,13271.0,37
4053,17595,17595.0,37
4054,14528,14528.0,37
4055,17432,17432.0,37
4056,16337,16337.0,37
4057,14098,14098.0,37
4058,15551,15551.0,37
4059,16347,16347.0,37
4060,13721,13721.0,37
4061,16322,16322.0,37
4062,17403,17403.0,37
4063,16914,16914.0,37
4064,16602,16602.0,37
4065,12544,12544.0,32
4066,13914,13914.0,37
4067,13467,13467.0,37
4068,17221,17221.0,37
4069,17078,17078.0,37
4070,13447,13447.0,37
4071,15010,15010.0,37
4072,18022,18022.0,37
4073,16318,16318.0,37
4074,17274,17274.0,37
4075,15597,15597.0,37
4076,17233,17233.0,37
4077,16887,16887.0,37
4078,13938,13938.0,37
4079,17084,17084.0,37
4080,14882,14882.0,37
4081,15017,15017.0,37
4082,12882,12882.0,37
4083,17387,17387.0,37
4084,13727,13727.0,37
4085,13532,13532.0,37
4086,16445,16445.0,37
4087,15156,15156.0,37
4088,16372,16372.0,37
4089,17608,17608.0,37
4090,12638,12638.0,33
4091,14174,14174.0,37
4092,14039,14039.0,37
4093,13040,13040.0,37
4094,15883,15883.0,37
4095,14664,14664.0,37
4096,15526,15526.0,37
4097,17831,17831.0,37
4098,15025,15025.0,37
4099,12357,12357.0,34
4100,17761,17761.0,37
4101,15870,15870.0,37
4102,14080,14080.0,37
4103,17623,17623.0,37
4104,13673,13673.0,37
4105,14073,14073.0,37
4106,16070,16070.0,37
4107,13066,13066.0,37
4108,14929,14929.0,37
4109,13710,13710.0,37
4110,16732,16732.0,37
4111,14140,14140.0,37
4112,17219,17219.0,37
4113,16505,16505.0,37
4114,15957,15957.0,37
4115,18123,18123.0,37
4116,15043,15043.0,37
4117,17313,17313.0,37
4118,18216,18216.0,37
4119,17022,17022.0,37
4120,15153,15153.0,37
4121,16759,16759.0,37
4122,16751,16751.0,37
4123,12893,12893.0,37
4124,14836,14836.0,37
4125,17011,17011.0,37
4126,12532,12532.0,14
4127,17038,17038.0,37
4128,14968,14968.0,37
4129,12504,12504.0,15
4130,16516,16516.0,37
4131,13522,13522.0,37
4132,15986,15986.0,37
4133,13992,13992.0,37
4134,14354,14354.0,37
4135,16986,16986.0,37
4136,16953,16953.0,37
4137,18274,18274.0,37
4138,15450,15450.0,37
4139,15531,15531.0,37
4140,17500,17500.0,37
4141,17197,17197.0,37
4142,16025,16025.0,37
4143,12659,12659.0,14
4144,17461,17461.0,37
4145,17791,17791.0,37
4146,15463,15463.0,37
4147,17977,17977.0,37
4148,12617,12617.0,14
4149,14863,14863.0,37
4150,16903,16903.0,37
4151,12508,12508.0,14
4152,17502,17502.0,37
4153,12538,12538.0,32
4154,17901,17901.0,37
4155,14789,14789.0,37
4156,18209,18209.0,37
4157,12985,12985.0,37
4158,15557,15557.0,37
4159,16433,16433.0,37
4160,15692,15692.0,37
4161,17052,17052.0,37
4162,16368,16368.0,37
4163,18014,18014.0,37
4164,13732,13732.0,37
4165,13091,13091.0,37
4166,14661,14661.0,37
4167,13170,13170.0,37
4168,15654,15654.0,37
4169,13146,13146.0,37
4170,14788,14788.0,37
4171,13603,13603.0,37
4172,14382,14382.0,37
4173,16720,16720.0,37
4174,14904,14904.0,37
4175,14494,14494.0,37
4176,14902,14902.0,37
4177,16936,16936.0,37
4178,12938,12938.0,37
4179,15168,15168.0,37
4180,17538,17538.0,37
4181,18082,18082.0,37
4182,18117,18117.0,37
4183,15458,15458.0,37
4184,17566,17566.0,37
4185,16207,16207.0,37
4186,12762,12762.0,28
4187,17793,17793.0,37
4188,14953,14953.0,37
4189,16504,16504.0,37
4190,12374,12374.0,2
4191,15009,15009.0,37
4192,16423,16423.0,37
4193,15419,15419.0,37
4194,17510,17510.0,37
4195,15758,15758.0,37
4196,15524,15524.0,37
4197,14725,14725.0,37
4198,14666,14666.0,37
4199,14714,14714.0,37
4200,17153,17153.0,37
4201,12950,12950.0,37
4202,15720,15720.0,37
4203,18181,18181.0,37
4204,15556,15556.0,37
4205,17357,17357.0,37
4206,12890,12890.0,37
4207,13449,13449.0,37
4208,15269,15269.0,37
4209,14385,14385.0,37
4210,15900,15900.0,37
4211,17680,17680.0,37
4212,13926,13926.0,37
4213,16204,16204.0,37
4214,17896,17896.0,37
4215,17835,17835.0,37
4216,15432,15432.0,37
4217,18006,18006.0,37
4218,15657,15657.0,37
4219,17237,17237.0,37
4220,13160,13160.0,37
4221,12847,12847.0,37
4222,17397,17397.0,37
4223,17985,17985.0,37
4224,14362,14362.0,37
4225,13828,13828.0,37
4226,15435,15435.0,37
4227,12445,12445.0,32
4228,12603,12603.0,15
4229,14641,14641.0,37
4230,12618,12618.0,20
4231,15621,15621.0,37
4232,12391,12391.0,8
4233,18034,18034.0,37
4234,17286,17286.0,37
4235,17904,17904.0,37
4236,17301,17301.0,37
4237,15368,15368.0,37
4238,14793,14793.0,37
4239,17650,17650.0,37
4240,12702,12702.0,15
4241,14881,14881.0,37
4242,16784,16784.0,37
4243,14052,14052.0,37
4244,18110,18110.0,37
4245,17561,17561.0,37
4246,15988,15988.0,37
4247,17523,17523.0,37
4248,14950,14950.0,37
4249,16666,16666.0,37
4250,14860,14860.0,37
4251,17636,17636.0,37
4252,13832,13832.0,37
4253,13142,13142.0,37
4254,16366,16366.0,37
4255,14300,14300.0,37
4256,12349,12349.0,20
4257,12658,12658.0,15
4258,12795,12795.0,28
4259,15567,15567.0,37
4260,15645,15645.0,37
4261,16406,16406.0,37
4262,15857,15857.0,37
4263,12984,12984.0,37
4264,17253,17253.0,37
4265,13739,13739.0,37
4266,18139,18139.0,37
4267,15274,15274.0,37
4268,17010,17010.0,37
4269,15115,15115.0,37
4270,17100,17100.0,37
4271,15699,15699.0,37
4272,13403,13403.0,37
4273,16956,16956.0,37
4274,17600,17600.0,37
4275,15877,15877.0,37
4276,14424,14424.0,37
4277,13322,13322.0,37
4278,17297,17297.0,37
4279,13986,13986.0,37
4280,12920,12920.0,37
4281,18249,18249.0,37
4282,15634,15634.0,37
4283,16376,16376.0,37
4284,16811,16811.0,37
4285,12452,12452.0,34
4286,14581,14581.0,37
4287,14675,14675.0,37
4288,17290,17290.0,37
4289,16343,16343.0,37
4290,13638,13638.0,37
4291,16482,16482.0,37
4292,12784,12784.0,28
4293,17458,17458.0,37
4294,14785,14785.0,37
4295,17254,17254.0,37
4296,17767,17767.0,37
4297,15725,15725.0,37
4298,17247,17247.0,37
4299,18184,18184.0,37
4300,15428,15428.0,37
4301,17727,17727.0,37
4302,14756,14756.0,37
4303,16856,16856.0,37
4304,14703,14703.0,37
4305,17385,17385.0,37
4306,12531,12531.0,15
4307,15872,15872.0,37
4308,14966,14966.0,37
4309,17232,17232.0,37
4310,17468,17468.0,37
4311,13332,13332.0,37
4312,14946,14946.0,37
4313,13256,13256.0,37
4314,13596,13596.0,37
4315,16024,16024.0,37
4316,14954,14954.0,37
4317,17885,17885.0,37
4318,14093,14093.0,37
4319,14893,14893.0,37
4320,15721,15721.0,37
4321,17852,17852.0,37
4322,13844,13844.0,37
4323,12479,12479.0,15
4324,12660,12660.0,14
4325,15540,15540.0,37
4326,17379,17379.0,37
4327,16800,16800.0,37
4328,17806,17806.0,37
4329,17359,17359.0,37
4330,13188,13188.0,37
4331,14480,14480.0,37
4332,13349,13349.0,37
4333,15619,15619.0,37
4334,15148,15148.0,37
4335,14601,14601.0,37
4336,15783,15783.0,37
4337,17772,17772.0,37
4338,14126,14126.0,37
4339,16479,16479.0,37
4340,13428,13428.0,37
4341,15790,15790.0,37
4342,13521,13521.0,37
4343,14349,14349.0,37
4344,18058,18058.0,37
4345,12953,12953.0,37
4346,12966,12966.0,37
4347,15060,15060.0,37
4348,17911,17911.0,37
4349,14804,14804.0,37
4350,15904,15904.0,37
4351,16789,16789.0,37
4352,12558,12558.0,35
4353,17942,17942.0,37
4354,12587,12587.0,13
4355,13560,13560.0,37
4356,15539,15539.0,37
4357,13017,13017.0,37
4358,18174,18174.0,37
4359,13153,13153.0,37
4360,15773,15773.0,37
4361,17936,17936.0,37
4362,16535,16535.0,37
4363,16988,16988.0,37
4364,15097,15097.0,37
4365,18015,18015.0,37
4366,16597,16597.0,37
4367,13790,13790.0,37
4368,14219,14219.0,37
4369,12367,12367.0,10
4370,17383,17383.0,37
4371,12478,12478.0,16
4372,15992,15992.0,37
4373,15318,15318.0,37
4374,17914,17914.0,37
4375,16528,16528.0,37
4376,12442,12442.0,32
4377,16569,16569.0,37
4378,12650,12650.0,14
4379,14578,14578.0,37
4380,16000,16000.0,37
4381,15195,15195.0,37
4382,14087,14087.0,37
4383,14204,14204.0,37
4384,15471,15471.0,37
4385,13436,13436.0,37
4386,15520,15520.0,37
4387,13298,13298.0,37
4388,14569,14569.0,37
4389,12713,12713.0,15
